date,rice_price_per_kg,rice_price_lag_1,rice_price_ma_7,volume,open_interest,precipitation,temp_avg,season,days_since_last_trade
2018-10-16,221.833333333333,221.666666666667,221.904761904762,50,251,1.6,16.35,harvest,0
2018-10-17,221.833333333333,221.833333333333,223.595238095238,160,250,8.9,15.7,harvest,1
2018-10-18,221.833333333333,221.833333333333,223.261904761905,140,250,0.6,15.0,harvest,1
2018-10-19,221.833333333333,221.666666666667,223.809523809524,100,250,2.2,16.65,harvest,1
2018-10-22,221.833333333333,221.833333333333,223.357142857143,186,0,0.0,14.25,harvest,3
2018-10-23,226.5,225.0,223.595238095238,50,154,1.4,18.1,harvest,1
2018-10-24,226.333333333333,225.0,222.904761904762,50,104,4.6,16.7,harvest,1
2018-10-25,226.333333333333,221.666666666667,223.52380952381,50,54,0.0,13.85,harvest,1
2018-10-26,226.333333333333,225.0,222.904761904762,50,4,0.0,15.4,harvest,1
2018-10-29,218.333333333333,221.833333333333,222.357142857143,100,250,9.7,14.05,harvest,3
2018-10-30,218.333333333333,218.333333333333,221.880952380952,100,250,12.9,12.95,harvest,1
2018-10-31,218.666666666667,221.833333333333,222.880952380952,100,250,10.2,12.7,harvest,1
2018-11-01,218.833333333333,218.666666666667,222.0,296,250,13.1,13.25,post-harvest,1
2018-11-02,219.0,221.833333333333,222.452380952381,100,250,2.4,12.6,post-harvest,1
2018-11-05,219.5,221.833333333333,221.5,102,250,0.0,15.4,post-harvest,3
2018-11-06,219.5,221.166666666667,222.0,100,250,5.0,15.45,post-harvest,1
2018-11-07,219.5,221.166666666667,221.690476190476,230,250,0.4,13.2,post-harvest,1
2018-11-08,220.833333333333,219.5,221.880952380952,101,251,0.0,15.4,post-harvest,1
2018-11-09,220.833333333333,221.166666666667,222.071428571429,100,251,2.1,17.85,post-harvest,1
2018-11-12,220.833333333333,220.833333333333,221.952380952381,100,251,5.3,13.9,post-harvest,3
2018-11-13,220.833333333333,220.833333333333,222.071428571429,100,251,3.5,13.05,post-harvest,1
2018-11-14,220.833333333333,220.833333333333,221.952380952381,100,251,3.0,11.8,post-harvest,1
2018-11-15,220.833333333333,221.166666666667,222.071428571429,270,251,3.4,10.6,post-harvest,1
2018-11-16,220.833333333333,220.833333333333,221.952380952381,100,251,0.0,11.35,post-harvest,1
2018-11-19,220.833333333333,221.166666666667,222.547619047619,100,251,8.7,12.55,post-harvest,3
2018-11-20,222.666666666667,220.833333333333,222.214285714286,105,251,9.9,8.95,post-harvest,1
2018-11-21,225.0,224.5,223.261904761905,52,50,9.7,10.55,post-harvest,1
2018-11-22,225.0,225.666666666667,223.833333333333,160,251,9.1,10.6,post-harvest,1
2018-11-26,225.5,220.833333333333,224.047619047619,200,251,3.0,9.9,post-harvest,4
2018-11-27,225.666666666667,226.0,224.309523809524,200,251,0.0,11.15,post-harvest,1
2018-11-28,225.0,221.666666666667,224.333333333333,50,1,2.8,12.75,post-harvest,1
2018-11-29,226.5,226.166666666667,224.428571428571,200,251,5.5,9.15,post-harvest,1
2018-11-30,227.5,225.833333333333,225.5,200,251,6.4,7.4,post-harvest,1
2018-12-03,227.5,227.166666666667,226.404761904762,200,251,0.0,11.1,post-harvest,3
2018-12-04,227.833333333333,227.833333333333,226.952380952381,200,260,14.3,15.65,post-harvest,1
2018-12-05,226.666666666667,226.333333333333,226.261904761905,202,262,2.2,10.25,post-harvest,1
2018-12-06,226.0,226.666666666667,226.190476190476,200,251,6.5,10.2,post-harvest,1
2018-12-07,226.0,225.666666666667,225.547619047619,200,251,3.9,8.6,post-harvest,1
2018-12-10,225.5,226.666666666667,225.857142857143,200,251,15.3,3.6,post-harvest,3
2018-12-11,225.333333333333,225.0,225.452380952381,200,251,1.2,2.6,post-harvest,1
2018-12-12,225.666666666667,225.0,225.261904761905,300,262,14.7,6.9,post-harvest,1
2018-12-13,225.5,225.166666666667,225.5,250,262,1.7,5.4,post-harvest,1
2018-12-14,226.5,225.0,225.357142857143,0,250,8.1,5.05,post-harvest,1
2018-12-17,225.5,225.166666666667,225.5,50,262,18.8,7.4,post-harvest,3
2018-12-18,225.5,225.5,225.357142857143,56,262,11.4,6.1,post-harvest,1
2018-12-19,225.0,225.166666666667,225.214285714286,52,262,13.7,5.7,post-harvest,1
2018-12-20,225.0,225.0,225.214285714286,56,262,0.4,8.55,post-harvest,1
2018-12-21,225.0,225.0,225.214285714286,30,30,0.5,6.7,post-harvest,1
2018-12-25,226.166666666667,225.0,225.380952380952,90,50,7.4,5.2,post-harvest,4
2018-12-26,225.166666666667,225.166666666667,225.238095238095,72,70,9.5,7.45,post-harvest,1
2018-12-27,225.666666666667,225.0,225.333333333333,94,90,7.1,3.3,post-harvest,1
2018-12-28,224.666666666667,225.666666666667,225.261904761905,94,110,3.1,1.5,post-harvest,1
2019-01-04,224.833333333333,225.0,225.047619047619,112,130,0.0,5.7,post-harvest,7
2019-01-07,224.5,224.166666666667,225.047619047619,106,150,0.4,4.05,post-harvest,3
2019-01-08,224.0,223.833333333333,224.595238095238,526,170,17.9,2.8,post-harvest,1
2019-01-09,222.833333333333,222.5,223.452380952381,88,190,8.9,2.4,post-harvest,1
2019-01-10,221.666666666667,222.0,223.785714285714,98,210,8.3,4.5,post-harvest,1
2019-01-11,220.0,221.666666666667,223.071428571429,84,232,0.3,5.25,post-harvest,1
2019-01-15,220.333333333333,220.666666666667,223.142857142857,68,242,7.6,4.7,post-harvest,4
2019-01-16,219.333333333333,224.833333333333,221.928571428571,88,252,5.1,3.75,post-harvest,1
2019-01-17,216.833333333333,216.333333333333,219.952380952381,58,262,8.0,3.1,post-harvest,1
2019-01-18,221.333333333333,221.0,223.452380952381,62,253,0.8,2.35,post-harvest,1
2019-01-21,222.166666666667,222.333333333333,222.452380952381,26,253,4.9,1.55,post-harvest,3
2019-01-22,222.166666666667,222.5,223.142857142857,56,42,3.5,2.35,post-harvest,1
2019-01-23,222.333333333333,222.166666666667,223.214285714286,66,66,11.3,4.1,post-harvest,1
2019-01-24,222.5,224.166666666667,223.428571428571,22,86,2.9,1.85,post-harvest,1
2019-01-25,222.0,222.5,223.452380952381,21,105,0.2,2.5,post-harvest,1
2019-01-28,222.5,224.166666666667,223.880952380952,21,124,13.7,3.75,post-harvest,3
2019-01-29,224.833333333333,223.833333333333,223.714285714286,160,0,0.9,2.65,post-harvest,1
2019-01-30,224.166666666667,224.166666666667,223.666666666667,36,162,0.0,3.95,post-harvest,1
2019-01-31,224.166666666667,224.166666666667,224.0,51,187,10.3,4.4,post-harvest,1
2019-02-01,223.833333333333,223.833333333333,223.690476190476,42,208,6.6,0.9,post-harvest,1
2019-02-04,223.333333333333,224.166666666667,223.547619047619,34,225,8.0,6.9,post-harvest,3
2019-02-05,223.333333333333,223.333333333333,223.761904761905,252,240,0.3,5.0,post-harvest,1
2019-02-06,223.833333333333,224.166666666667,224.071428571429,44,262,0.0,6.65,post-harvest,1
2019-02-07,224.666666666667,223.833333333333,223.761904761905,18,262,6.8,7.75,post-harvest,1
2019-02-08,221.833333333333,221.833333333333,223.738095238095,29,262,1.7,0.25,post-harvest,1
2019-02-12,223.5,224.166666666667,224.0,48,262,1.7,1.75,post-harvest,4
2019-02-13,220.333333333333,223.5,223.357142857143,38,262,4.4,0.7,post-harvest,1
2019-02-14,221.333333333333,224.166666666667,223.595238095238,16,262,1.6,0.6,post-harvest,1
2019-02-15,221.166666666667,224.166666666667,223.404761904762,13,263,0.0,1.5,post-harvest,1
2019-02-18,222.0,224.166666666667,224.02380952381,6,263,0.2,5.95,post-harvest,3
2019-02-19,224.166666666667,225.0,223.714285714286,0,250,10.9,6.35,post-harvest,1
2019-02-20,221.833333333333,224.166666666667,224.0,10,263,4.4,8.25,post-harvest,1
2019-02-21,222.166666666667,221.833333333333,223.380952380952,34,17,1.0,6.3,post-harvest,1
2019-02-22,222.666666666667,221.833333333333,223.642857142857,43,39,0.0,4.85,post-harvest,1
2019-02-25,223.0,222.666666666667,223.52380952381,42,60,0.1,6.65,post-harvest,3
2019-02-26,223.0,221.833333333333,223.690476190476,52,86,0.1,5.5,post-harvest,1
2019-02-27,222.5,221.833333333333,223.047619047619,32,102,0.2,4.75,post-harvest,1
2019-02-28,222.666666666667,221.666666666667,223.619047619048,16,110,1.8,3.95,post-harvest,1
2019-03-01,222.333333333333,222.666666666667,223.404761904762,30,125,1.4,6.2,planting,1
2019-03-04,223.166666666667,223.166666666667,223.952380952381,42,145,13.3,6.75,planting,3
2019-03-05,223.666666666667,223.166666666667,223.952380952381,32,153,0.0,6.35,planting,1
2019-03-06,224.166666666667,223.166666666667,223.952380952381,52,173,0.7,8.7,planting,1
2019-03-07,224.0,224.166666666667,223.738095238095,28,185,13.5,6.35,planting,1
2019-03-08,223.0,223.166666666667,223.738095238095,30,194,0.0,5.5,planting,1
2019-03-11,223.0,223.0,223.690476190476,28,204,16.0,9.35,planting,3
2019-03-12,223.666666666667,223.166666666667,223.952380952381,40,220,5.6,7.75,planting,1
2019-03-13,221.666666666667,224.166666666667,223.095238095238,35,238,6.5,5.25,planting,1
2019-03-14,220.666666666667,221.5,223.404761904762,44,238,0.4,5.35,planting,1
2019-03-15,220.5,224.166666666667,222.642857142857,28,252,6.1,5.45,planting,1
2019-03-18,220.666666666667,221.5,223.404761904762,8,252,0.0,5.45,planting,3
2019-03-19,220.833333333333,224.166666666667,222.309523809524,6,252,0.0,8.85,planting,1
2019-03-20,220.5,221.5,223.261904761905,16,252,0.0,8.75,planting,1
2019-03-22,220.5,220.5,222.738095238095,20,10,2.8,7.85,planting,2
2019-03-25,219.833333333333,220.333333333333,222.166666666667,34,27,0.0,7.7,planting,3
2019-03-26,219.166666666667,220.0,220.380952380952,14,34,0.8,9.3,planting,1
2019-03-27,218.666666666667,219.166666666667,221.952380952381,20,44,6.3,7.65,planting,1
2019-03-28,219.166666666667,218.666666666667,221.238095238095,28,58,11.8,5.7,planting,1
2019-03-29,219.5,220.0,222.190476190476,36,76,0.0,4.5,planting,1
2019-04-01,220.166666666667,220.0,221.02380952381,36,94,6.5,5.6,planting,3
2019-04-02,220.666666666667,220.0,222.357142857143,30,109,4.7,4.5,planting,1
2019-04-03,221.0,220.666666666667,221.904761904762,48,128,1.4,5.65,planting,1
2019-04-04,221.666666666667,220.0,222.5,32,136,10.9,8.75,planting,1
2019-04-05,222.5,220.0,221.190476190476,36,146,0.2,10.6,planting,1
2019-04-08,221.833333333333,220.0,222.404761904762,40,156,0.6,6.7,planting,3
2019-04-09,221.833333333333,221.833333333333,222.190476190476,20,166,5.7,7.6,planting,1
2019-04-10,221.333333333333,220.0,221.857142857143,32,182,11.0,6.7,planting,1
2019-04-11,220.833333333333,220.0,221.380952380952,24,192,5.6,6.8,planting,1
2019-04-12,221.333333333333,220.0,222.333333333333,68,220,0.0,6.85,planting,1
2019-04-15,222.5,221.333333333333,222.214285714286,24,230,5.5,9.95,planting,3
2019-04-16,223.166666666667,220.0,222.595238095238,16,238,0.0,9.55,planting,1
2019-04-17,222.5,220.0,221.404761904762,28,252,0.0,12.25,planting,1
2019-04-18,221.5,220.0,222.476190476191,14,252,0.0,13.1,planting,1
2019-04-19,220.166666666667,221.5,221.904761904762,18,252,8.4,10.35,planting,1
2019-04-22,220.833333333333,220.666666666667,221.880952380952,20,10,0.0,10.65,planting,3
2019-04-23,221.333333333333,220.833333333333,221.47619047619,62,41,0.0,13.3,planting,1
2019-04-24,221.166666666667,221.166666666667,221.404761904762,38,60,5.8,18.8,planting,1
2019-04-25,221.0,220.0,221.071428571429,36,78,29.0,14.05,planting,1
2019-04-26,220.666666666667,220.0,221.119047619048,34,95,15.8,11.25,planting,1
2019-05-07,220.0,220.666666666667,221.119047619048,32,111,1.1,12.2,planting,11
2019-05-08,219.666666666667,219.666666666667,221.452380952381,38,130,0.0,13.35,planting,1
2019-05-09,220.333333333333,219.666666666667,221.02380952381,40,150,0.0,15.8,planting,1
2019-05-10,220.666666666667,219.666666666667,221.595238095238,38,169,0.0,15.95,planting,1
2019-05-13,220.833333333333,220.666666666667,221.238095238095,38,188,0.0,11.8,planting,3
2019-05-14,221.166666666667,220.0,223.142857142857,20,252,3.3,17.45,planting,1
2019-05-15,221.5,221.166666666667,222.357142857143,16,206,0.0,16.05,planting,1
2019-05-16,221.833333333333,224.166666666667,222.738095238095,28,220,0.0,17.2,planting,1
2019-05-17,222.333333333333,221.333333333333,223.047619047619,26,233,0.0,18.9,planting,1
2019-05-20,222.666666666667,221.333333333333,222.666666666667,24,245,0.0,22.1,planting,3
2019-05-21,222.666666666667,222.666666666667,223.047619047619,18,254,27.8,16.7,planting,1
2019-05-22,223.333333333333,222.666666666667,224.928571428571,16,254,0.0,16.4,planting,1
2019-05-23,224.0,223.333333333333,224.0,16,254,0.0,17.75,planting,1
2019-05-24,223.0,221.666666666667,224.738095238095,12,252,0.0,18.0,planting,1
2019-05-27,223.166666666667,224.166666666667,222.738095238095,14,252,0.0,21.95,planting,3
2019-05-28,225.0,221.666666666667,224.119047619048,18,254,4.5,19.15,planting,1
2019-05-29,225.666666666667,224.666666666667,224.761904761905,14,254,6.1,17.8,planting,1
2019-05-30,225.166666666667,224.666666666667,224.214285714286,12,254,0.0,17.95,planting,1
2019-05-31,224.5,225.166666666667,224.619047619048,12,254,4.6,19.4,planting,1
2019-06-03,224.0,223.833333333333,223.928571428571,12,254,0.0,19.45,planting,3
2019-06-04,223.333333333333,223.833333333333,223.214285714286,8,254,0.0,20.4,planting,1
2019-06-05,224.0,223.666666666667,224.142857142857,8,254,5.7,22.0,planting,1
2019-06-06,224.0,224.0,224.47619047619,4,254,3.1,19.0,planting,1
2019-06-07,224.333333333333,223.666666666667,224.47619047619,4,254,2.9,20.4,planting,1
2019-06-10,223.333333333333,221.666666666667,225.142857142857,1,252,3.5,20.0,planting,3
2019-06-11,230.5,224.166666666667,224.833333333333,4,3,0.0,19.65,planting,1
2019-06-12,224.0,223.666666666667,224.142857142857,14,254,0.2,18.6,planting,1
2019-06-13,224.166666666667,221.666666666667,223.5,0,250,0.0,18.0,planting,1
2019-06-14,224.0,223.666666666667,225.404761904762,6,254,0.0,20.8,planting,1
2019-06-17,230.5,224.166666666667,224.47619047619,0,0,2.9,17.25,growing,3
2019-06-18,230.5,230.5,225.404761904762,0,0,0.0,18.35,growing,1
2019-06-19,230.5,224.166666666667,224.47619047619,0,0,8.4,19.3,growing,1
2019-06-20,230.5,230.5,225.404761904762,0,0,0.0,19.15,growing,1
2019-06-21,223.666666666667,224.333333333333,223.547619047619,16,254,0.2,21.6,growing,1
2019-06-24,224.5,223.833333333333,223.619047619048,18,17,12.9,19.1,growing,3
2019-06-25,224.666666666667,224.5,223.690476190476,24,29,0.4,20.4,growing,1
2019-06-26,224.833333333333,224.0,223.619047619048,16,37,0.0,21.6,growing,1
2019-06-27,224.666666666667,223.666666666667,223.761904761905,20,254,24.3,22.25,growing,1
2019-06-28,225.833333333333,226.666666666667,224.880952380952,36,63,13.4,22.25,growing,1
2019-07-01,225.666666666667,225.333333333333,225.190476190476,20,73,0.2,22.35,growing,3
2019-07-02,226.0,225.0,224.595238095238,48,97,0.1,22.75,growing,1
2019-07-03,227.0,226.0,225.119047619048,34,114,0.0,22.15,growing,1
2019-07-04,227.666666666667,226.666666666667,225.190476190476,52,140,9.1,22.65,growing,1
2019-07-05,228.0,227.666666666667,225.738095238095,18,149,0.4,22.15,growing,1
2019-07-08,227.666666666667,226.666666666667,225.071428571429,46,172,0.0,22.75,growing,3
2019-07-09,228.333333333333,223.333333333333,225.666666666667,30,187,0.0,22.35,growing,1
2019-07-10,228.0,223.666666666667,225.261904761905,36,205,0.0,22.45,growing,1
2019-07-11,227.5,226.666666666667,225.714285714286,16,213,6.9,21.4,growing,1
2019-07-12,227.0,226.333333333333,224.928571428571,60,243,17.6,22.0,growing,1
2019-07-16,226.666666666667,227.0,225.404761904762,24,255,0.2,24.1,growing,4
2019-07-17,227.166666666667,225.833333333333,225.833333333333,8,255,0.3,22.8,growing,1
2019-07-18,227.5,225.833333333333,226.190476190476,8,255,8.9,24.9,growing,1
2019-07-19,227.833333333333,227.0,226.095238095238,16,255,9.6,24.4,growing,1
2019-07-22,226.666666666667,226.666666666667,226.261904761905,0,252,3.1,25.2,growing,3
2019-07-23,227.833333333333,227.0,225.666666666667,16,255,2.9,25.2,growing,1
2019-07-24,227.5,227.0,226.047619047619,6,255,0.2,25.55,growing,1
2019-07-25,226.666666666667,224.166666666667,226.166666666667,0,252,0.0,26.2,growing,1
2019-07-26,224.166666666667,226.666666666667,225.690476190476,0,250,0.0,28.5,growing,1
2019-07-29,226.666666666667,224.166666666667,226.166666666667,0,252,1.0,27.2,growing,3
2019-07-30,224.166666666667,226.666666666667,225.690476190476,0,50,0.0,28.45,growing,1
2019-07-31,226.666666666667,224.166666666667,226.166666666667,0,266,0.0,27.9,growing,1
2019-08-01,224.166666666667,226.666666666667,225.690476190476,0,0,0.0,28.6,growing,1
2019-08-02,226.666666666667,224.166666666667,226.214285714286,0,266,0.0,27.65,growing,1
2019-08-05,224.166666666667,226.666666666667,225.690476190476,0,0,0.0,28.4,growing,3
2019-08-06,224.166666666667,227.5,225.690476190476,0,0,0.0,27.9,growing,1
2019-08-07,224.166666666667,226.666666666667,226.214285714286,0,0,0.0,28.2,growing,1
2019-08-08,224.166666666667,226.666666666667,225.690476190476,0,0,0.0,29.55,growing,1
2019-08-09,226.666666666667,224.166666666667,226.166666666667,0,266,0.1,29.1,growing,1
2019-08-13,224.166666666667,226.666666666667,225.690476190476,0,0,0.0,28.9,growing,4
2019-08-14,224.166666666667,226.666666666667,226.214285714286,0,0,0.0,32.8,growing,1
2019-08-15,226.666666666667,226.666666666667,226.047619047619,0,252,0.0,32.7,growing,1
2019-08-16,224.166666666667,226.666666666667,225.690476190476,0,0,27.9,28.55,growing,1
2019-08-19,224.166666666667,227.5,225.690476190476,0,0,4.3,28.8,growing,3
2019-08-20,224.166666666667,226.666666666667,226.214285714286,0,0,17.7,25.2,growing,1
2019-08-21,227.333333333333,227.5,226.5,14,7,19.8,25.6,growing,1
2019-08-22,227.166666666667,227.333333333333,226.571428571429,16,15,8.8,26.1,growing,1
2019-08-23,226.833333333333,227.5,226.428571428571,36,33,22.8,25.25,growing,1
2019-08-26,227.0,227.0,226.642857142857,16,41,3.8,23.0,growing,3
2019-08-27,227.333333333333,227.5,226.5,18,50,2.2,23.55,growing,1
2019-08-28,227.666666666667,227.333333333333,226.642857142857,26,63,23.0,24.7,growing,1
2019-08-29,227.666666666667,227.5,226.119047619048,24,75,35.1,25.45,growing,1
2019-08-30,228.166666666667,227.5,226.880952380952,38,94,43.2,23.8,growing,1
2019-09-02,228.166666666667,227.5,226.619047619048,30,109,40.2,22.1,growing,3
2019-09-03,228.333333333333,228.166666666667,226.857142857143,16,117,17.3,21.65,growing,1
2019-09-04,228.166666666667,227.5,226.619047619048,24,129,2.0,23.7,growing,1
2019-09-05,227.666666666667,227.5,226.880952380952,32,145,0.0,26.25,growing,1
2019-09-06,227.166666666667,227.0,226.52380952381,24,157,0.0,26.85,growing,1
2019-09-09,227.166666666667,227.5,225.571428571429,16,165,1.5,27.05,growing,3
2019-09-10,227.333333333333,227.0,226.738095238095,20,175,0.7,26.55,growing,1
2019-09-11,227.666666666667,227.5,225.642857142857,16,183,14.7,25.5,growing,1
2019-09-12,228.0,227.666666666667,226.261904761905,32,199,0.0,21.95,growing,1
2019-09-13,227.833333333333,227.0,225.5,20,255,0.0,22.05,growing,1
2019-09-17,228.166666666667,227.0,227.119047619048,24,217,3.7,22.6,growing,4
2019-09-18,227.833333333333,227.833333333333,225.666666666667,18,226,2.5,20.95,growing,1
2019-09-19,227.666666666667,227.0,226.809523809524,26,239,1.2,19.35,growing,1
2019-09-20,227.333333333333,227.833333333333,225.595238095238,24,251,0.1,18.8,harvest,1
2019-09-24,223.333333333333,223.666666666667,226.333333333333,0,215,0.6,21.35,harvest,4
2019-09-25,223.333333333333,226.666666666667,225.595238095238,0,165,0.5,19.85,harvest,1
2019-09-26,226.666666666667,223.333333333333,226.166666666667,0,252,0.0,18.2,harvest,1
2019-09-27,223.333333333333,226.666666666667,225.595238095238,0,64,0.0,19.15,harvest,1
2019-09-30,223.666666666667,226.666666666667,226.809523809524,0,252,0.0,21.65,harvest,3
2019-10-01,223.333333333333,223.333333333333,225.595238095238,0,6,0.0,19.9,harvest,1
2019-10-02,223.666666666667,223.333333333333,226.166666666667,0,252,0.0,20.6,harvest,1
2019-10-03,225.0,223.666666666667,225.833333333333,0,6,0.6,23.15,harvest,1
2019-10-04,230.0,226.666666666667,227.119047619048,1,6,25.3,23.05,harvest,1
2019-10-07,230.0,230.0,227.5,0,5,0.9,19.55,harvest,3
2019-10-08,223.666666666667,230.0,227.119047619048,0,252,13.7,19.3,harvest,1
2019-10-09,233.333333333333,223.666666666667,227.97619047619,1,5,0.5,16.25,harvest,1
2019-10-10,223.666666666667,227.333333333333,226.857142857143,0,252,0.0,16.95,harvest,1
2019-10-11,233.333333333333,226.666666666667,228.452380952381,0,5,0.5,21.1,harvest,1
2019-10-15,223.666666666667,233.333333333333,227.595238095238,0,252,1.5,15.3,harvest,4
2019-10-16,233.333333333333,223.666666666667,228.452380952381,0,5,0.0,13.8,harvest,1
2019-10-17,223.666666666667,233.333333333333,227.595238095238,0,252,0.0,13.8,harvest,1
2019-10-18,233.333333333333,223.666666666667,228.452380952381,0,0,2.6,16.95,harvest,1
2019-10-21,227.166666666667,227.333333333333,227.571428571429,16,8,0.0,16.05,harvest,3
2019-10-23,226.833333333333,226.166666666667,225.97619047619,24,20,0.0,15.8,harvest,2
2019-10-24,226.666666666667,226.333333333333,226.357142857143,22,31,0.0,18.65,harvest,1
2019-10-25,226.5,226.333333333333,226.380952380952,20,41,28.2,16.05,harvest,1
2019-10-28,226.666666666667,226.5,226.380952380952,16,49,0.0,13.7,harvest,3
2019-10-29,226.666666666667,225.833333333333,226.380952380952,30,64,0.5,15.8,harvest,1
2019-10-30,226.166666666667,225.666666666667,226.119047619048,28,78,1.8,15.3,harvest,1
2019-10-31,226.333333333333,226.0,226.309523809524,36,96,0.0,15.55,harvest,1
2019-11-01,226.0,226.333333333333,226.214285714286,18,105,3.1,15.6,post-harvest,1
2019-11-05,225.666666666667,226.0,226.214285714286,16,113,0.0,14.45,post-harvest,4
2019-11-06,225.833333333333,225.666666666667,226.095238095238,20,123,3.1,12.9,post-harvest,1
2019-11-07,225.5,224.833333333333,226.02380952381,24,135,1.3,13.5,post-harvest,1
2019-11-08,225.5,225.5,225.857142857143,18,144,0.0,9.85,post-harvest,1
2019-11-11,225.833333333333,224.833333333333,226.071428571429,24,156,6.2,13.3,post-harvest,3
2019-11-12,225.5,225.833333333333,225.904761904762,16,164,2.0,14.25,post-harvest,1
2019-11-13,225.166666666667,224.833333333333,226.142857142857,30,179,0.0,12.6,post-harvest,1
2019-11-14,224.833333333333,224.333333333333,225.642857142857,24,191,26.4,11.7,post-harvest,1
2019-11-15,224.666666666667,223.666666666667,225.571428571429,16,199,12.2,10.6,post-harvest,1
2019-11-18,224.666666666667,224.333333333333,225.047619047619,18,208,11.2,14.85,post-harvest,3
2019-11-19,225.166666666667,224.333333333333,225.952380952381,22,219,7.5,11.15,post-harvest,1
2019-11-20,226.833333333333,225.166666666667,225.928571428571,24,231,1.3,7.6,post-harvest,1
2019-11-21,227.166666666667,226.666666666667,226.52380952381,14,238,0.9,7.75,post-harvest,1
2019-11-22,227.5,227.166666666667,226.642857142857,20,248,0.0,8.6,post-harvest,1
2019-11-25,228.166666666667,227.666666666667,226.857142857143,24,260,18.0,11.0,post-harvest,3
2019-11-26,227.5,227.0,226.976190476191,6,264,0.1,7.0,post-harvest,1
2019-11-27,227.5,228.333333333333,227.047619047619,24,266,0.5,7.8,post-harvest,1
2019-11-28,228.333333333333,227.5,227.119047619048,2,254,2.4,7.3,post-harvest,1
2019-11-29,226.666666666667,227.0,226.880952380952,0,202,8.0,4.45,post-harvest,1
2019-12-02,227.0,226.666666666667,227.0,0,255,7.9,10.6,post-harvest,3
2019-12-03,226.666666666667,227.0,226.880952380952,0,162,15.4,8.6,post-harvest,1
2019-12-04,223.666666666667,226.666666666667,227.190476190476,0,252,11.0,6.85,post-harvest,1
2019-12-05,226.666666666667,227.0,226.880952380952,0,122,11.5,5.1,post-harvest,1
2019-12-06,228.5,227.5,227.142857142857,4,266,8.9,4.55,post-harvest,1
2019-12-09,223.666666666667,227.0,226.642857142857,0,252,0.0,6.4,post-harvest,3
2019-12-10,226.666666666667,226.666666666667,227.02380952381,0,62,0.1,10.05,post-harvest,1
2019-12-11,226.666666666667,228.5,227.02380952381,0,42,0.0,10.55,post-harvest,1
2019-12-12,226.666666666667,223.666666666667,227.476190476191,0,22,4.8,9.2,post-harvest,1
2019-12-13,226.666666666667,227.0,227.02380952381,0,2,0.5,5.95,post-harvest,1
2019-12-16,223.666666666667,226.666666666667,227.285714285714,0,252,0.0,5.2,post-harvest,3
2019-12-17,226.666666666667,223.666666666667,227.02380952381,0,2,1.6,7.3,post-harvest,1
2019-12-18,227.0,223.666666666667,227.52380952381,0,255,11.5,9.9,post-harvest,1
2019-12-19,228.5,228.333333333333,227.02380952381,20,266,1.4,7.85,post-harvest,1
2019-12-20,227.0,228.333333333333,228.190476190476,0,255,11.0,7.65,post-harvest,1
2019-12-23,228.833333333333,228.5,227.333333333333,30,15,8.3,7.5,post-harvest,3
2019-12-24,229.166666666667,228.333333333333,228.571428571429,24,27,1.9,5.2,post-harvest,1
2019-12-25,229.5,228.5,227.476190476191,20,37,0.3,6.2,post-harvest,1
2019-12-26,228.833333333333,229.5,227.738095238095,26,50,8.1,8.55,post-harvest,1
2019-12-27,228.333333333333,227.666666666667,227.190476190476,20,60,13.2,7.05,post-harvest,1
2019-12-30,228.0,228.333333333333,228.02380952381,28,74,2.6,6.7,post-harvest,3
2020-01-06,228.166666666667,227.166666666667,227.285714285714,24,86,0.0,6.75,post-harvest,7
2020-01-07,228.5,228.166666666667,227.309523809524,20,96,6.0,5.05,post-harvest,1
2020-01-08,228.333333333333,227.166666666667,227.309523809524,16,104,18.7,8.3,post-harvest,1
2020-01-09,228.0,227.166666666667,227.761904761905,32,120,5.5,7.45,post-harvest,1
2020-01-10,228.0,227.166666666667,226.595238095238,24,132,7.8,5.3,post-harvest,1
2020-01-14,227.666666666667,228.0,227.166666666667,30,147,8.5,5.8,post-harvest,4
2020-01-15,228.666666666667,228.333333333333,227.047619047619,24,159,7.1,4.9,post-harvest,1
2020-01-16,229.166666666667,228.333333333333,228.309523809524,20,169,1.7,5.15,post-harvest,1
2020-01-17,229.666666666667,228.333333333333,227.380952380952,28,183,3.5,4.65,post-harvest,1
2020-01-20,230.166666666667,228.333333333333,228.595238095238,24,195,13.1,5.9,post-harvest,3
2020-01-21,230.333333333333,228.333333333333,227.476190476191,20,205,3.0,4.95,post-harvest,1
2020-01-22,230.833333333333,228.333333333333,228.976190476191,32,221,0.0,4.7,post-harvest,1
2020-01-23,230.5,228.333333333333,227.785714285714,22,232,9.2,6.0,post-harvest,1
2020-01-24,230.0,230.5,228.214285714286,16,240,5.1,6.65,post-harvest,1
2020-01-27,229.666666666667,228.333333333333,227.857142857143,10,245,0.0,4.95,post-harvest,3
2020-01-28,229.333333333333,228.333333333333,228.476190476191,12,251,3.6,6.9,post-harvest,1
2020-01-29,225.0,228.333333333333,227.333333333333,0,211,22.5,6.6,post-harvest,1
2020-01-30,225.0,227.0,227.952380952381,0,201,18.9,8.05,post-harvest,1
2020-01-31,225.0,225.0,227.333333333333,0,201,4.0,4.95,post-harvest,1
2020-02-03,228.333333333333,225.0,227.952380952381,0,257,8.0,6.0,post-harvest,3
2020-02-04,225.0,228.333333333333,227.333333333333,0,181,4.7,4.35,post-harvest,1
2020-02-05,227.666666666667,228.333333333333,228.190476190476,8,251,13.6,2.85,post-harvest,1
2020-02-06,227.166666666667,228.333333333333,227.285714285714,12,251,2.5,-0.75,post-harvest,1
2020-02-07,227.5,226.833333333333,227.166666666667,2,251,0.3,1.8,post-harvest,1
2020-02-10,225.0,228.333333333333,226.857142857143,0,121,6.5,1.8,post-harvest,3
2020-02-12,228.333333333333,225.0,227.214285714286,0,257,0.0,4.6,post-harvest,2
2020-02-13,225.0,228.333333333333,226.857142857143,0,81,4.9,9.6,post-harvest,1
2020-02-14,228.0,226.833333333333,227.547619047619,6,251,0.2,10.0,post-harvest,1
2020-02-17,225.0,228.333333333333,226.928571428571,0,41,8.8,7.1,post-harvest,3
2020-02-18,228.333333333333,227.0,227.357142857143,0,257,14.4,3.7,post-harvest,1
2020-02-19,228.666666666667,226.833333333333,227.285714285714,4,251,0.0,4.65,post-harvest,1
2020-02-20,223.333333333333,227.0,226.285714285714,2,257,3.5,3.4,post-harvest,1
2020-02-21,229.166666666667,228.666666666667,226.690476190476,16,8,0.0,4.85,post-harvest,1
2020-02-25,227.0,223.333333333333,227.52380952381,0,255,6.7,7.35,post-harvest,4
2020-02-26,229.5,228.666666666667,225.97619047619,20,18,2.2,5.75,post-harvest,1
2020-02-27,229.833333333333,229.5,226.904761904762,24,30,7.1,3.7,post-harvest,1
2020-02-28,230.0,228.666666666667,226.047619047619,16,38,0.0,4.6,post-harvest,1
2020-03-02,230.5,226.666666666667,227.785714285714,30,53,1.4,7.25,planting,3
2020-03-03,230.5,228.666666666667,226.642857142857,26,66,0.6,7.1,planting,1
2020-03-04,230.166666666667,226.666666666667,227.047619047619,16,74,1.8,7.5,planting,1
2020-03-05,230.0,228.666666666667,226.571428571429,24,86,7.1,5.75,planting,1
2020-03-06,229.5,226.666666666667,227.642857142857,20,96,1.5,5.2,planting,1
2020-03-09,228.833333333333,228.666666666667,225.309523809524,36,114,0.0,9.5,planting,3
2020-03-10,227.833333333333,228.833333333333,225.952380952381,10,119,11.4,10.65,planting,1
2020-03-11,228.166666666667,228.666666666667,225.02380952381,8,123,3.7,8.65,planting,1
2020-03-12,228.5,226.666666666667,227.238095238095,24,135,0.0,6.55,planting,1
2020-03-13,227.5,226.666666666667,225.666666666667,26,148,4.2,7.9,planting,1
2020-03-16,227.166666666667,228.666666666667,224.642857142857,30,163,6.5,4.25,planting,3
2020-03-17,226.666666666667,226.666666666667,226.833333333333,14,170,10.6,7.45,planting,1
2020-03-18,226.333333333333,228.666666666667,224.52380952381,12,176,14.4,9.2,planting,1
2020-03-19,222.5,220.833333333333,224.952380952381,0,257,0.0,11.75,planting,1
2020-03-23,225.666666666667,228.666666666667,224.309523809524,12,182,2.0,5.8,planting,4
2020-03-24,226.166666666667,226.666666666667,226.547619047619,10,187,9.8,4.85,planting,1
2020-03-25,226.666666666667,228.666666666667,224.214285714286,30,202,0.0,6.85,planting,1
2020-03-26,227.0,226.666666666667,225.928571428571,26,215,0.0,8.0,planting,1
2020-03-27,227.333333333333,226.5,224.0,28,229,13.0,9.85,planting,1
2020-03-30,227.5,226.666666666667,226.357142857143,24,241,0.0,6.05,planting,3
2020-03-31,228.0,226.5,224.333333333333,22,252,0.0,7.7,planting,1
2020-04-01,224.166666666667,228.0,224.571428571429,6,252,18.4,13.35,planting,1
2020-04-02,222.5,221.666666666667,222.857142857143,12,252,12.6,8.85,planting,1
2020-04-03,223.333333333333,222.5,222.97619047619,0,254,0.0,9.4,planting,1
2020-04-06,220.833333333333,220.833333333333,222.619047619048,0,181,2.1,7.45,planting,3
2020-04-07,225.0,222.5,223.214285714286,10,252,0.0,9.25,planting,1
2020-04-08,220.833333333333,223.333333333333,223.309523809524,0,141,2.0,9.1,planting,1
2020-04-09,222.5,223.333333333333,224.357142857143,0,257,3.2,7.45,planting,1
2020-04-10,220.833333333333,220.833333333333,223.309523809524,0,101,5.7,5.8,planting,1
2020-04-13,226.5,225.0,224.714285714286,4,251,6.7,8.95,planting,3
2020-04-14,220.833333333333,223.333333333333,223.666666666667,0,61,0.4,7.6,planting,1
2020-04-15,227.166666666667,226.5,225.97619047619,6,252,0.1,10.0,planting,1
2020-04-16,220.833333333333,222.5,223.97619047619,0,21,0.1,7.05,planting,1
2020-04-17,226.666666666667,222.5,224.880952380952,0,266,0.0,8.15,planting,1
2020-04-20,220.833333333333,226.666666666667,223.97619047619,0,0,7.8,11.4,planting,3
2020-04-21,226.666666666667,227.166666666667,226.833333333333,0,266,1.0,10.85,planting,1
2020-04-22,227.5,227.166666666667,225.285714285714,20,10,3.3,8.15,planting,1
2020-04-23,228.0,227.5,225.952380952381,22,21,11.1,7.85,planting,1
2020-04-24,228.333333333333,227.166666666667,225.404761904762,28,35,0.7,8.5,planting,1
2020-04-27,228.333333333333,226.5,227.238095238095,18,44,0.0,8.45,planting,3
2020-04-28,228.0,226.666666666667,226.071428571429,26,57,0.5,7.6,planting,1
2020-04-30,227.666666666667,227.166666666667,225.428571428571,36,75,0.0,13.55,planting,2
2020-05-01,227.5,227.666666666667,225.547619047619,24,87,0.0,15.0,planting,1
2020-05-07,227.833333333333,227.166666666667,224.261904761905,24,99,1.2,11.4,planting,6
2020-05-08,228.333333333333,227.833333333333,225.452380952381,30,114,0.0,11.35,planting,1
2020-05-11,228.833333333333,227.166666666667,225.357142857143,26,127,1.3,16.65,planting,3
2020-05-12,228.5,226.666666666667,226.571428571429,20,137,0.0,18.3,planting,1
2020-05-13,228.166666666667,226.5,225.238095238095,16,145,1.3,15.05,planting,1
2020-05-14,227.833333333333,227.166666666667,225.428571428571,28,159,0.0,15.65,planting,1
2020-05-15,227.5,227.166666666667,225.166666666667,20,169,0.0,17.95,planting,1
2020-05-18,227.666666666667,227.5,225.309523809524,22,180,0.0,15.5,planting,3
2020-05-19,228.0,227.166666666667,225.238095238095,24,192,26.6,17.85,planting,1
2020-05-20,228.166666666667,227.166666666667,226.47619047619,18,201,6.4,14.25,planting,1
2020-05-21,228.5,227.166666666667,225.309523809524,30,216,2.1,14.15,planting,1
2020-05-22,227.666666666667,228.5,225.452380952381,18,225,3.0,15.1,planting,1
2020-05-25,227.5,227.166666666667,225.238095238095,20,235,5.1,18.35,planting,3
2020-05-26,227.333333333333,227.166666666667,224.190476190476,28,249,0.5,18.0,planting,1
2020-05-27,220.0,227.333333333333,224.190476190476,0,227,2.3,17.15,planting,1
2020-05-28,220.0,221.666666666667,225.309523809524,0,227,0.0,16.8,planting,1
2020-05-29,220.0,226.666666666667,224.190476190476,0,202,0.0,16.8,planting,1
2020-06-01,216.666666666667,215.0,223.095238095238,0,254,0.5,21.25,planting,3
2020-06-02,215.0,216.666666666667,221.333333333333,0,182,5.3,20.6,planting,1
2020-06-03,216.666666666667,211.666666666667,223.404761904762,0,266,0.0,19.2,planting,1
2020-06-04,210.0,210.0,218.47619047619,0,142,0.0,21.15,planting,1
2020-06-05,211.666666666667,227.166666666667,224.809523809524,0,266,0.3,20.2,planting,1
2020-06-08,205.0,205.0,215.619047619048,0,102,0.0,17.05,planting,3
2020-06-09,200.0,206.666666666667,220.309523809524,0,82,0.0,20.8,planting,1
2020-06-10,200.0,201.666666666667,212.761904761905,0,62,0.0,21.9,planting,1
2020-06-11,196.666666666667,195.0,214.52380952381,0,254,7.4,23.75,planting,1
2020-06-12,195.0,196.666666666667,209.904761904762,0,42,5.1,21.6,planting,1
2020-06-15,185.0,188.333333333333,210.785714285714,0,22,0.3,22.9,planting,3
2020-06-16,175.0,188.333333333333,200.380952380952,1,22,4.5,21.2,growing,1
2020-06-17,175.0,193.333333333333,198.952380952381,0,2,2.9,19.05,growing,1
2020-06-18,175.0,188.333333333333,209.357142857143,1,1,0.0,20.6,growing,1
2020-06-19,175.0,193.333333333333,198.952380952381,0,0,0.7,21.75,growing,1
2020-06-22,217.333333333333,220.666666666667,205.0,30,15,0.0,22.5,growing,3
2020-06-23,216.5,220.666666666667,207.5,16,23,0.0,19.9,growing,1
2020-06-24,215.333333333333,220.5,219.142857142857,12,29,0.7,24.05,growing,1
2020-06-25,213.166666666667,216.666666666667,205.738095238095,18,38,3.1,24.4,growing,1
2020-06-26,211.333333333333,220.5,213.619047619048,14,45,36.8,23.15,growing,1
2020-06-29,210.0,216.666666666667,205.285714285714,12,51,3.5,21.15,growing,3
2020-06-30,208.0,220.5,216.02380952381,14,58,6.5,22.3,growing,1
2020-07-01,206.666666666667,216.666666666667,205.52380952381,12,64,23.5,23.45,growing,1
2020-07-02,202.666666666667,206.666666666667,206.857142857143,16,72,4.8,22.45,growing,1
2020-07-03,199.833333333333,216.666666666667,205.5,16,80,3.3,21.95,growing,1
2020-07-06,197.666666666667,220.5,213.095238095238,18,89,29.5,22.95,growing,3
2020-07-07,197.0,216.666666666667,204.619047619048,10,94,33.1,23.45,growing,1
2020-07-08,196.5,197.0,205.309523809524,16,102,42.7,23.15,growing,1
2020-07-09,195.833333333333,216.666666666667,208.47619047619,12,108,0.3,22.55,growing,1
2020-07-10,195.166666666667,216.666666666667,208.52380952381,14,115,16.5,23.6,growing,1
2020-07-13,195.666666666667,216.666666666667,204.428571428571,14,122,1.6,21.55,growing,3
2020-07-14,195.666666666667,195.666666666667,205.0,20,132,40.6,21.55,growing,1
2020-07-15,196.0,216.666666666667,208.97619047619,32,148,45.3,21.5,growing,1
2020-07-16,196.333333333333,216.666666666667,212.357142857143,12,154,34.1,21.7,growing,1
2020-07-17,196.833333333333,216.666666666667,205.547619047619,26,167,0.0,22.3,growing,1
2020-07-20,197.333333333333,196.833333333333,205.880952380952,20,177,0.0,23.7,growing,3
2020-07-21,197.166666666667,216.666666666667,209.238095238095,26,190,8.2,25.8,growing,1
2020-07-22,197.5,220.5,209.595238095238,30,205,4.0,24.4,growing,1
2020-07-27,198.333333333333,216.666666666667,205.761904761905,28,219,15.8,25.3,growing,5
2020-07-28,198.833333333333,198.333333333333,206.309523809524,32,235,76.1,23.9,growing,1
2020-07-29,200.0,216.666666666667,206.0,22,246,1.8,24.5,growing,1
2020-07-30,200.5,200.0,206.785714285714,10,251,0.4,23.6,growing,1
2020-07-31,195.0,195.0,206.071428571429,0,201,57.7,24.5,growing,1
2020-08-03,195.0,219.833333333333,206.071428571429,0,201,0.2,26.9,growing,3
2020-08-04,195.0,195.0,206.404761904762,0,181,0.1,27.45,growing,1
2020-08-05,195.0,219.833333333333,206.071428571429,0,161,0.0,26.9,growing,1
2020-08-06,195.0,195.0,206.857142857143,0,264,0.0,27.4,growing,1
2020-08-07,195.0,195.0,206.071428571429,0,121,18.0,25.55,growing,1
2020-08-11,216.666666666667,195.0,208.952380952381,0,251,0.0,29.7,growing,4
2020-08-12,195.0,195.0,205.071428571429,0,81,14.1,27.3,growing,1
2020-08-13,216.666666666667,216.666666666667,212.047619047619,0,251,2.7,26.75,growing,1
2020-08-14,195.0,195.0,205.071428571429,0,41,1.3,26.9,growing,1
2020-08-17,195.0,216.666666666667,208.952380952381,0,21,2.6,27.2,growing,3
2020-08-18,195.0,195.0,205.071428571429,0,1,0.5,25.1,growing,1
2020-08-19,195.0,195.0,205.857142857143,0,264,0.0,25.2,growing,1
2020-08-20,195.0,195.0,205.071428571429,0,0,0.0,27.05,growing,1
2020-08-21,201.0,216.666666666667,209.809523809524,36,18,0.0,26.45,growing,1
2020-08-24,201.333333333333,200.5,205.976190476191,24,30,0.3,26.2,growing,3
2020-08-25,201.5,201.333333333333,206.904761904762,52,56,0.0,27.3,growing,1
2020-08-26,202.0,200.5,209.166666666667,36,74,0.0,27.7,growing,1
2020-08-27,203.0,200.5,208.0,16,82,0.0,29.6,growing,1
2020-08-28,203.833333333333,200.5,204.190476190476,52,108,0.0,29.85,growing,1
2020-08-31,204.333333333333,203.833333333333,205.52380952381,28,122,17.9,26.0,growing,3
2020-09-01,204.833333333333,200.5,203.857142857143,20,132,0.1,27.15,growing,1
2020-09-02,205.5,200.5,204.0,24,144,0.0,29.3,growing,1
2020-09-03,206.0,200.5,201.880952380952,16,152,0.0,32.1,growing,1
2020-09-04,207.666666666667,206.0,202.5,14,159,20.8,27.0,growing,1
2020-09-07,208.5,200.5,202.0,18,168,0.0,29.45,growing,3
2020-09-08,208.166666666667,208.5,202.690476190476,20,178,2.4,29.2,growing,1
2020-09-09,208.833333333333,200.5,202.047619047619,48,202,8.3,26.6,growing,1
2020-09-10,209.333333333333,208.833333333333,202.904761904762,18,211,15.8,25.35,growing,1
2020-09-11,209.833333333333,200.5,201.952380952381,12,217,0.8,25.5,growing,1
2020-09-14,210.5,209.833333333333,203.214285714286,30,232,15.8,23.25,growing,3
2020-09-15,211.5,200.5,202.428571428571,20,242,0.9,22.3,growing,1
2020-09-16,193.333333333333,211.5,201.0,0,263,0.0,23.7,growing,1
2020-09-17,193.333333333333,198.333333333333,202.02380952381,0,263,2.4,26.0,growing,1
2020-09-18,193.333333333333,200.0,199.357142857143,0,263,30.2,22.7,growing,1
2020-09-23,198.333333333333,193.333333333333,201.5,0,251,0.0,23.65,harvest,5
2020-09-24,193.333333333333,198.333333333333,199.357142857143,0,223,0.0,21.0,harvest,1
2020-09-25,200.0,198.333333333333,202.52380952381,0,252,46.4,20.05,harvest,1
2020-09-28,193.333333333333,193.333333333333,199.357142857143,0,203,4.8,18.6,harvest,3
2020-09-29,200.0,200.5,203.0,0,252,0.0,18.4,harvest,1
2020-09-30,193.333333333333,193.333333333333,199.357142857143,0,203,0.0,18.7,harvest,1
2020-10-01,193.333333333333,200.0,201.809523809524,0,203,3.1,19.2,harvest,1
2020-10-02,193.333333333333,198.333333333333,199.357142857143,0,203,0.5,19.35,harvest,1
2020-10-05,196.666666666667,193.333333333333,201.02380952381,0,258,10.4,19.4,harvest,3
2020-10-06,193.333333333333,196.666666666667,198.880952380952,0,203,0.0,17.75,harvest,1
2020-10-07,193.333333333333,198.333333333333,201.02380952381,0,173,0.2,17.15,harvest,1
2020-10-08,193.333333333333,193.333333333333,198.880952380952,0,151,3.3,16.2,harvest,1
2020-10-09,198.333333333333,200.5,202.761904761905,0,252,0.0,17.05,harvest,1
2020-10-12,193.333333333333,193.333333333333,198.880952380952,0,99,4.3,21.95,harvest,3
2020-10-13,193.333333333333,197.5,201.214285714286,0,78,5.3,18.1,harvest,1
2020-10-14,193.333333333333,195.833333333333,198.404761904762,0,50,0.7,16.8,harvest,1
2020-10-15,197.5,193.333333333333,200.547619047619,0,252,1.6,15.4,harvest,1
2020-10-16,193.333333333333,197.5,198.404761904762,0,3,0.0,13.7,harvest,1
2020-10-19,197.5,193.333333333333,200.190476190476,0,252,0.5,14.95,harvest,3
2020-10-20,193.333333333333,197.5,198.047619047619,0,0,0.1,15.6,harvest,1
2020-10-21,204.833333333333,208.333333333333,199.690476190476,32,16,0.0,14.85,harvest,1
2020-10-22,203.666666666667,208.333333333333,200.476190476191,20,26,0.5,17.35,harvest,1
2020-10-23,203.0,203.666666666667,200.904761904762,42,47,14.7,16.7,harvest,1
2020-10-26,202.0,208.333333333333,200.238095238095,24,59,0.7,14.7,harvest,3
2020-10-27,201.166666666667,202.0,200.404761904762,30,74,0.1,14.2,harvest,1
2020-10-28,201.833333333333,200.5,200.214285714286,26,87,0.0,14.0,harvest,1
2020-10-29,202.166666666667,208.333333333333,200.52380952381,18,96,6.1,14.15,harvest,1
2020-10-30,200.833333333333,208.333333333333,199.119047619048,16,104,0.7,12.95,harvest,1
2020-11-02,199.5,200.833333333333,200.0,24,116,21.9,14.65,post-harvest,3
2020-11-04,198.166666666667,208.333333333333,199.690476190476,20,126,3.4,10.95,post-harvest,2
2020-11-05,198.666666666667,208.333333333333,201.642857142857,42,147,0.9,12.55,post-harvest,1
2020-11-06,199.333333333333,208.333333333333,198.904761904762,22,158,0.0,14.25,post-harvest,1
2020-11-09,200.0,199.333333333333,199.857142857143,28,172,5.7,9.6,post-harvest,3
2020-11-10,198.5,208.333333333333,198.785714285714,24,184,14.8,8.95,post-harvest,1
2020-11-11,195.833333333333,198.5,199.142857142857,16,192,1.4,8.45,post-harvest,1
2020-11-12,195.666666666667,208.333333333333,198.380952380952,20,202,0.0,9.45,post-harvest,1
2020-11-13,197.333333333333,195.666666666667,198.952380952381,26,215,1.5,11.9,post-harvest,1
2020-11-16,197.833333333333,208.333333333333,198.690476190476,30,230,4.3,13.75,post-harvest,3
2020-11-17,198.5,197.833333333333,199.428571428571,32,246,0.0,11.0,post-harvest,1
2020-11-18,199.5,208.333333333333,199.952380952381,14,253,0.2,13.5,post-harvest,1
2020-11-19,193.333333333333,197.5,199.52380952381,0,251,0.1,17.7,post-harvest,1
2020-11-20,193.333333333333,208.333333333333,201.5,0,251,18.1,16.65,post-harvest,1
2020-11-24,197.5,193.333333333333,199.452380952381,0,252,0.1,10.0,post-harvest,4
2020-11-25,193.333333333333,200.0,198.928571428571,0,234,0.0,9.7,post-harvest,1
2020-11-26,193.333333333333,197.5,199.809523809524,0,214,1.6,11.7,post-harvest,1
2020-11-27,193.333333333333,193.333333333333,198.928571428571,0,200,0.4,9.95,post-harvest,1
2020-11-30,200.0,193.333333333333,199.809523809524,0,249,11.2,8.35,post-harvest,3
2020-12-01,193.333333333333,200.0,198.928571428571,0,200,9.9,7.45,post-harvest,1
2020-12-02,208.333333333333,199.5,202.309523809524,0,242,0.2,8.5,post-harvest,1
2020-12-03,200.5,200.0,199.071428571429,0,251,6.5,8.0,post-harvest,1
2020-12-04,197.5,193.333333333333,198.619047619048,0,252,1.3,6.3,post-harvest,1
2020-12-07,193.333333333333,196.666666666667,197.190476190476,0,141,5.2,10.25,post-harvest,3
2020-12-08,196.666666666667,193.333333333333,197.595238095238,0,249,7.1,8.75,post-harvest,1
2020-12-09,193.333333333333,196.666666666667,196.714285714286,0,105,0.9,7.2,post-harvest,1
2020-12-10,197.5,193.333333333333,198.071428571429,0,252,8.9,8.05,post-harvest,1
2020-12-11,193.333333333333,196.666666666667,196.714285714286,0,76,9.7,8.95,post-harvest,1
2020-12-14,196.666666666667,197.5,197.595238095238,0,249,24.1,5.2,post-harvest,3
2020-12-15,197.5,196.666666666667,197.785714285714,0,252,17.2,2.1,post-harvest,1
2020-12-16,193.333333333333,193.333333333333,196.714285714286,0,16,10.7,2.05,post-harvest,1
2020-12-17,193.333333333333,197.5,197.595238095238,0,0,3.6,2.55,post-harvest,1
2020-12-18,193.333333333333,193.333333333333,196.714285714286,0,0,16.6,4.35,post-harvest,1
2020-12-21,200.0,199.5,197.666666666667,16,8,9.1,4.1,post-harvest,3
2020-12-22,200.833333333333,199.5,198.261904761905,60,38,10.4,5.95,post-harvest,1
2020-12-23,202.0,196.666666666667,198.904761904762,24,50,9.5,6.6,post-harvest,1
2020-12-24,201.166666666667,200.0,198.785714285714,28,64,7.5,9.25,post-harvest,1
2020-12-25,200.833333333333,199.5,198.904761904762,32,80,14.1,5.7,post-harvest,1
2020-12-28,200.166666666667,199.5,198.285714285714,40,100,13.4,6.65,post-harvest,3
2020-12-29,199.666666666667,200.166666666667,198.595238095238,24,112,1.5,7.55,post-harvest,1
2020-12-30,199.166666666667,199.5,197.547619047619,42,133,25.7,4.3,post-harvest,1
2021-01-04,198.666666666667,199.166666666667,197.714285714286,16,141,7.6,1.75,post-harvest,5
2021-01-05,198.0,199.5,197.142857142857,30,156,10.5,2.7,post-harvest,1
2021-01-06,197.666666666667,198.0,197.285714285714,24,168,2.5,1.05,post-harvest,1
2021-01-07,197.333333333333,199.5,197.047619047619,30,183,11.1,1.9,post-harvest,1
2021-01-08,197.666666666667,199.5,198.190476190476,26,196,19.6,-1.45,post-harvest,1
2021-01-12,198.0,199.5,197.142857142857,36,214,3.2,1.75,post-harvest,4
2021-01-13,198.166666666667,199.5,197.357142857143,16,222,7.2,4.1,post-harvest,1
2021-01-14,198.5,200.0,198.904761904762,12,228,2.9,5.2,post-harvest,1
2021-01-15,198.166666666667,199.5,197.166666666667,14,235,0.0,1.85,post-harvest,1
2021-01-18,198.0,198.166666666667,197.357142857143,16,243,12.2,0.7,post-harvest,3
2021-01-19,197.333333333333,199.5,197.047619047619,18,252,3.3,0.45,post-harvest,1
2021-01-20,196.666666666667,196.666666666667,198.142857142857,0,251,1.1,-0.55,post-harvest,1
2021-01-21,192.5,192.5,196.452380952381,0,252,0.0,-1.15,post-harvest,1
2021-01-22,196.666666666667,199.5,198.619047619048,0,251,4.3,3.5,post-harvest,1
2021-01-25,192.5,192.5,196.452380952381,0,242,0.0,2.7,post-harvest,3
2021-01-26,192.5,196.666666666667,197.547619047619,0,230,0.0,1.5,post-harvest,1
2021-01-27,192.5,196.666666666667,196.452380952381,0,222,6.7,5.35,post-harvest,1
2021-01-28,196.666666666667,192.5,197.142857142857,0,249,1.8,3.25,post-harvest,1
2021-01-29,192.5,196.666666666667,196.452380952381,0,200,5.6,1.25,post-harvest,1
2021-02-01,192.5,196.666666666667,197.142857142857,0,185,3.8,0.6,post-harvest,3
2021-02-02,192.5,196.666666666667,196.452380952381,0,172,15.8,4.05,post-harvest,1
2021-02-03,192.5,196.666666666667,196.452380952381,0,155,9.2,1.05,post-harvest,1
2021-02-04,192.5,196.666666666667,197.547619047619,0,141,5.7,1.85,post-harvest,1
2021-02-05,192.5,196.666666666667,196.452380952381,0,129,2.4,3.2,post-harvest,1
2021-02-08,191.666666666667,192.5,194.880952380952,0,249,4.5,1.15,post-harvest,3
2021-02-09,192.5,191.666666666667,194.285714285714,0,93,4.7,0.85,post-harvest,1
2021-02-10,195.0,191.666666666667,195.47619047619,0,251,18.2,3.65,post-harvest,1
2021-02-12,192.5,192.5,194.285714285714,0,60,0.0,3.75,post-harvest,2
2021-02-15,195.0,196.666666666667,195.952380952381,0,251,28.4,8.9,post-harvest,3
2021-02-16,190.0,192.5,193.928571428571,0,23,6.8,4.0,post-harvest,1
2021-02-17,190.0,195.0,195.238095238095,0,11,18.5,0.75,post-harvest,1
2021-02-18,190.0,191.666666666667,193.571428571429,0,0,6.3,0.25,post-harvest,1
2021-02-19,191.666666666667,190.0,194.52380952381,0,249,0.0,2.65,post-harvest,1
2021-02-22,191.666666666667,191.666666666667,193.809523809524,0,249,3.4,11.3,post-harvest,3
2021-02-24,195.0,195.0,196.190476190476,0,242,3.8,1.7,post-harvest,2
2021-02-25,191.666666666667,191.666666666667,194.761904761905,0,249,0.0,3.1,post-harvest,1
2021-02-26,195.0,191.666666666667,195.47619047619,0,242,1.2,4.15,post-harvest,1
2021-03-01,191.666666666667,195.0,194.761904761905,0,249,0.0,9.15,planting,3
2021-03-02,195.0,195.0,196.190476190476,0,251,16.9,7.8,planting,1
2021-03-03,191.666666666667,191.666666666667,194.761904761905,0,249,0.5,1.7,planting,1
2021-03-04,195.0,191.666666666667,195.47619047619,0,242,0.0,6.3,planting,1
2021-03-05,191.666666666667,195.0,194.761904761905,0,249,0.0,9.95,planting,1
2021-03-08,195.0,196.666666666667,196.428571428571,0,242,0.0,2.65,planting,3
2021-03-09,191.666666666667,195.0,194.761904761905,0,249,0.0,3.65,planting,1
2021-03-10,195.0,191.666666666667,195.47619047619,0,242,0.9,5.3,planting,1
2021-03-11,191.666666666667,195.0,194.761904761905,0,249,0.0,4.3,planting,1
2021-03-12,195.0,191.666666666667,195.47619047619,0,242,0.0,5.45,planting,1
2021-03-15,191.666666666667,195.0,194.761904761905,0,249,0.4,8.2,planting,3
2021-03-16,195.0,191.666666666667,195.47619047619,0,251,5.9,7.15,planting,1
2021-03-17,191.666666666667,195.0,194.761904761905,0,249,0.0,6.6,planting,1
2021-03-18,196.666666666667,195.0,196.190476190476,0,253,0.0,6.9,planting,1
2021-03-19,191.666666666667,191.666666666667,194.761904761905,0,249,0.0,6.4,planting,1
2021-03-22,191.666666666667,195.0,195.47619047619,0,249,1.7,7.4,planting,3
2021-03-23,191.666666666667,191.666666666667,194.761904761905,0,249,4.3,7.15,planting,1
2021-03-24,195.0,191.666666666667,195.47619047619,0,242,0.0,9.1,planting,1
2021-03-25,191.666666666667,195.0,194.761904761905,0,249,1.1,10.6,planting,1
2021-03-26,191.666666666667,195.0,194.761904761905,0,249,5.8,8.75,planting,1
2021-03-29,195.0,191.666666666667,195.476190476191,0,242,4.7,13.7,planting,3
2021-03-30,195.0,195.0,195.238095238095,0,242,0.0,12.25,planting,1
2021-03-31,191.666666666667,195.0,194.761904761905,0,200,0.2,9.5,planting,1
2021-04-01,191.666666666667,196.666666666667,194.761904761905,0,174,0.0,7.9,planting,1
2021-04-02,195.0,191.666666666667,195.476190476191,0,242,0.0,12.6,planting,1
2021-04-05,186.666666666667,195.0,194.047619047619,0,135,7.1,9.1,planting,3
2021-04-06,190.0,186.666666666667,193.333333333333,0,242,0.0,9.6,planting,1
2021-04-07,196.666666666667,190.0,190.952380952381,0,253,0.9,9.55,planting,1
2021-04-08,190.0,190.0,194.761904761905,0,251,0.5,7.55,planting,1
2021-04-09,181.666666666667,181.666666666667,190.47619047619,0,80,1.5,5.85,planting,1
2021-04-12,181.666666666667,196.666666666667,190.47619047619,0,69,0.0,10.25,planting,3
2021-04-13,181.666666666667,190.0,193.571428571429,0,48,3.6,16.75,planting,1
2021-04-14,181.666666666667,190.0,190.47619047619,0,33,8.0,9.5,planting,1
2021-04-15,190.0,181.666666666667,189.761904761905,0,251,0.0,7.6,planting,1
2021-04-16,181.666666666667,190.0,188.333333333333,0,0,0.0,13.4,planting,1
2021-04-19,190.0,190.0,191.190476190476,0,242,0.4,11.7,planting,3
2021-04-20,181.666666666667,181.666666666667,188.333333333333,0,0,0.0,12.5,planting,1
2021-04-21,181.166666666667,186.666666666667,186.833333333333,80,0,0.0,10.3,planting,1
2021-04-22,180.0,179.5,184.690476190476,68,0,0.0,10.35,planting,1
2021-04-23,174.333333333333,181.666666666667,178.857142857143,108,0,0.0,9.1,planting,1
2021-04-26,169.5,173.166666666667,180.857142857143,80,0,0.0,7.7,planting,3
2021-04-27,168.333333333333,169.5,177.761904761905,46,0,0.0,8.05,planting,1
2021-04-28,166.0,167.666666666667,179.571428571429,96,0,3.4,14.25,planting,1
2021-04-30,164.5,190.0,173.880952380952,62,0,6.4,11.15,planting,2
2021-05-06,163.166666666667,162.0,172.095238095238,74,0,1.5,15.95,planting,6
2021-05-07,161.833333333333,161.5,175.238095238095,114,0,0.0,17.1,planting,1
2021-05-10,162.833333333333,161.833333333333,171.357142857143,68,0,0.1,14.5,planting,3
2021-05-11,164.5,164.333333333333,172.690476190476,118,0,0.0,12.75,planting,1
2021-05-12,166.0,165.333333333333,169.071428571429,130,0,0.0,12.8,planting,1
2021-05-13,167.666666666667,167.0,176.857142857143,156,0,0.0,18.25,planting,1
2021-05-14,168.666666666667,167.666666666667,173.809523809524,266,0,0.0,16.05,planting,1
2021-05-17,169.833333333333,170.166666666667,177.619047619048,380,0,16.7,17.45,planting,3
2021-05-18,170.833333333333,169.833333333333,174.880952380952,346,0,11.1,16.4,planting,1
2021-05-19,172.166666666667,171.5,178.142857142857,402,0,7.2,16.05,planting,1
2021-05-20,172.0,172.166666666667,175.571428571429,334,0,6.2,17.45,planting,1
2021-05-21,173.5,172.833333333333,178.52380952381,260,0,37.8,19.85,planting,1
2021-05-24,171.333333333333,173.5,175.857142857143,278,0,0.1,17.9,planting,3
2021-05-25,172.0,171.5,174.785714285714,260,0,7.7,17.3,planting,1
2021-05-26,171.166666666667,170.166666666667,175.238095238095,418,0,1.8,15.75,planting,1
2021-05-27,172.5,190.0,175.547619047619,344,0,5.6,16.45,planting,1
2021-05-28,171.333333333333,170.666666666667,176.142857142857,234,0,3.3,18.55,planting,1
2021-05-31,170.333333333333,169.666666666667,174.285714285714,302,0,0.0,14.1,planting,3
2021-06-01,168.166666666667,170.333333333333,174.5,200,0,0.0,14.9,planting,1
2021-06-02,169.5,169.333333333333,177.452380952381,190,0,0.2,18.2,planting,1
2021-06-03,169.833333333333,169.5,174.571428571429,300,0,0.1,21.55,planting,1
2021-06-04,171.666666666667,170.5,174.595238095238,196,0,42.7,18.75,planting,1
2021-06-07,170.833333333333,166.666666666667,171.857142857143,168,0,0.0,20.3,planting,3
2021-06-08,169.0,166.666666666667,173.809523809524,283,1,0.0,19.25,planting,1
2021-06-09,169.0,167.666666666667,174.142857142857,218,3,0.0,17.8,planting,1
2021-06-10,168.333333333333,167.833333333333,173.5,108,3,0.0,19.0,planting,1
2021-06-11,169.666666666667,168.333333333333,173.928571428571,116,3,0.0,24.55,planting,1
2021-06-14,170.0,169.833333333333,173.309523809524,118,3,0.4,20.3,planting,3
2021-06-15,169.166666666667,168.666666666667,170.619047619048,114,3,0.1,19.6,planting,1
2021-06-16,167.666666666667,167.5,171.928571428571,106,3,0.0,20.35,growing,1
2021-06-17,169.333333333333,167.666666666667,172.309523809524,98,3,0.0,21.45,growing,1
2021-06-18,168.333333333333,168.166666666667,172.380952380952,114,3,0.0,20.55,growing,1
2021-06-21,169.166666666667,168.166666666667,172.238095238095,112,3,0.0,19.05,growing,3
2021-06-22,169.833333333333,170.166666666667,168.333333333333,130,3,3.1,20.7,growing,1
2021-06-23,170.5,168.166666666667,171.0,130,3,20.3,20.25,growing,1
2021-06-24,172.166666666667,171.166666666667,170.52380952381,128,0,0.4,19.8,growing,1
2021-06-25,172.666666666667,168.166666666667,170.404761904762,128,0,0.0,20.2,growing,1
2021-06-28,171.666666666667,171.333333333333,169.690476190476,130,0,0.0,21.9,growing,3
2021-06-29,171.166666666667,171.666666666667,170.571428571429,128,0,3.4,22.3,growing,1
2021-06-30,172.166666666667,165.0,170.5,160,0,2.5,23.35,growing,1
2021-07-01,172.5,172.333333333333,169.952380952381,56,0,0.0,24.9,growing,1
2021-07-02,173.0,172.666666666667,171.142857142857,54,0,0.0,25.15,growing,1
2021-07-05,173.5,173.0,171.285714285714,58,0,11.4,23.05,growing,3
2021-07-06,173.5,172.833333333333,170.166666666667,48,0,16.9,22.95,growing,1
2021-07-07,173.833333333333,173.5,171.428571428571,64,0,44.7,23.15,growing,1
2021-07-08,172.666666666667,168.166666666667,169.952380952381,76,0,0.8,23.2,growing,1
2021-07-09,173.166666666667,172.833333333333,171.214285714286,58,0,100.1,24.15,growing,1
2021-07-12,173.5,173.166666666667,172.357142857143,68,0,21.7,23.7,growing,3
2021-07-13,174.0,173.666666666667,171.571428571429,72,0,0.2,23.45,growing,1
2021-07-14,174.166666666667,168.166666666667,171.02380952381,54,0,0.0,24.3,growing,1
2021-07-15,174.833333333333,174.666666666667,170.619047619048,66,0,0.0,26.65,growing,1
2021-07-16,175.833333333333,174.833333333333,172.166666666667,76,0,0.0,25.85,growing,1
2021-07-19,175.0,174.833333333333,170.904761904762,68,0,0.0,26.35,growing,3
2021-07-20,174.666666666667,168.166666666667,171.428571428571,64,0,0.0,26.3,growing,1
2021-07-21,174.333333333333,173.833333333333,172.571428571429,76,0,0.0,26.4,growing,1
2021-07-26,173.666666666667,168.166666666667,169.97619047619,78,0,0.0,27.0,growing,5
2021-07-27,172.833333333333,172.5,172.166666666667,72,0,6.0,25.35,growing,1
2021-07-28,172.666666666667,168.166666666667,170.238095238095,66,0,1.9,25.65,growing,1
2021-07-29,172.0,171.666666666667,170.02380952381,78,0,2.8,26.3,growing,1
2021-07-30,172.5,172.0,170.857142857143,74,0,0.2,26.2,growing,1
2021-08-02,172.166666666667,171.833333333333,170.071428571429,30,0,0.0,28.95,growing,3
2021-08-03,171.833333333333,166.666666666667,170.809523809524,26,0,0.0,30.7,growing,1
2021-08-04,172.333333333333,166.666666666667,170.619047619048,36,0,0.6,28.9,growing,1
2021-08-05,171.5,171.666666666667,170.166666666667,30,0,0.0,29.0,growing,1
2021-08-06,180.0,166.666666666667,170.642857142857,0,110,0.0,29.5,growing,1
2021-08-10,180.0,180.0,171.857142857143,0,98,37.3,25.85,growing,4
2021-08-11,165.0,180.0,170.309523809524,0,257,3.3,25.15,growing,1
2021-08-12,180.0,165.0,171.52380952381,0,64,5.1,25.3,growing,1
2021-08-13,169.333333333333,171.5,168.547619047619,0,3,42.0,23.0,growing,1
2021-08-16,168.166666666667,165.0,171.047619047619,0,0,0.0,23.9,growing,3
2021-08-17,166.666666666667,180.0,170.761904761905,0,253,17.2,23.0,growing,1
2021-08-18,167.666666666667,166.666666666667,170.595238095238,4,253,1.2,25.05,growing,1
2021-08-19,166.666666666667,180.0,170.690476190476,0,253,0.4,25.6,growing,1
2021-08-20,180.0,166.666666666667,171.904761904762,0,0,0.0,26.15,growing,1
2021-08-23,168.166666666667,167.666666666667,169.166666666667,0,0,14.6,25.5,growing,3
2021-08-24,166.666666666667,168.166666666667,168.785714285714,0,253,15.3,24.85,growing,1
2021-08-25,167.666666666667,166.666666666667,169.166666666667,0,253,3.6,26.15,growing,1
2021-08-26,166.666666666667,167.666666666667,168.785714285714,0,253,3.1,27.65,growing,1
2021-08-27,166.666666666667,168.166666666667,169.166666666667,0,253,0.6,25.95,growing,1
2021-08-30,166.666666666667,166.666666666667,168.785714285714,0,253,16.8,24.55,growing,3
2021-08-31,166.666666666667,171.5,169.238095238095,0,253,0.6,23.8,growing,1
2021-09-01,166.666666666667,167.666666666667,168.785714285714,0,253,37.7,20.8,growing,1
2021-09-02,166.666666666667,171.5,168.238095238095,0,253,2.2,21.8,growing,1
2021-09-03,168.166666666667,167.666666666667,169.166666666667,0,0,6.7,23.0,growing,1
2021-09-06,166.666666666667,168.166666666667,168.785714285714,0,253,2.4,20.75,growing,3
2021-09-07,167.666666666667,166.666666666667,169.166666666667,0,253,0.0,21.35,growing,1
2021-09-08,161.666666666667,167.666666666667,168.071428571429,0,253,19.1,19.0,growing,1
2021-09-09,167.666666666667,168.166666666667,169.380952380952,0,253,0.4,22.55,growing,1
2021-09-10,161.666666666667,161.666666666667,167.357142857143,0,253,1.0,22.3,growing,1
2021-09-13,161.666666666667,167.666666666667,168.452380952381,0,253,0.0,21.05,growing,3
2021-09-14,161.666666666667,161.666666666667,167.357142857143,0,253,0.0,20.35,growing,1
2021-09-15,161.666666666667,171.5,168.52380952381,0,253,0.0,21.1,growing,1
2021-09-16,161.666666666667,167.666666666667,167.357142857143,0,253,0.0,21.25,growing,1
2021-09-17,167.666666666667,161.666666666667,168.452380952381,0,253,2.4,22.6,growing,1
2021-09-21,161.666666666667,167.666666666667,167.357142857143,0,253,0.0,23.7,harvest,4
2021-09-22,168.166666666667,167.666666666667,167.97619047619,0,0,2.7,23.8,harvest,1
2021-09-24,161.666666666667,171.5,168.285714285714,0,237,3.7,20.8,harvest,2
2021-09-27,161.666666666667,167.666666666667,167.357142857143,0,227,0.0,21.3,harvest,3
2021-09-28,161.666666666667,167.666666666667,168.452380952381,0,218,0.0,22.25,harvest,1
2021-09-29,161.666666666667,161.666666666667,167.357142857143,0,210,0.0,22.3,harvest,1
2021-09-30,161.666666666667,171.5,168.52380952381,0,200,0.1,23.9,harvest,1
2021-10-01,161.666666666667,167.666666666667,167.357142857143,0,179,14.4,20.4,harvest,1
2021-10-04,161.666666666667,171.5,168.52380952381,0,166,0.0,21.7,harvest,3
2021-10-05,161.666666666667,167.666666666667,167.357142857143,0,149,0.2,22.45,harvest,1
2021-10-06,161.666666666667,171.5,166.809523809524,0,127,5.5,19.0,harvest,1
2021-10-07,161.666666666667,167.666666666667,168.452380952381,0,106,1.4,19.85,harvest,1
2021-10-08,161.666666666667,161.666666666667,167.357142857143,0,95,2.9,21.95,harvest,1
2021-10-11,161.666666666667,167.666666666667,168.452380952381,0,69,3.4,21.15,harvest,3
2021-10-12,161.666666666667,161.666666666667,167.357142857143,0,51,25.7,18.25,harvest,1
2021-10-13,161.666666666667,171.5,168.52380952381,0,38,16.5,19.0,harvest,1
2021-10-14,161.666666666667,167.666666666667,167.357142857143,0,23,0.1,18.85,harvest,1
2021-10-15,161.666666666667,171.5,168.52380952381,0,0,1.9,19.4,harvest,1
2021-10-18,161.666666666667,167.666666666667,167.357142857143,0,0,2.0,12.25,harvest,3
2021-10-19,161.666666666667,171.5,166.809523809524,0,0,1.8,15.75,harvest,1
2021-10-20,161.666666666667,171.5,168.52380952381,0,0,14.7,13.55,harvest,1
2021-10-21,167.666666666667,167.666666666667,168.214285714286,0,253,0.8,13.75,harvest,1
2021-10-22,167.666666666667,171.5,167.666666666667,0,253,0.2,12.65,harvest,1
2021-10-25,168.166666666667,167.666666666667,169.380952380952,0,0,0.1,14.05,harvest,3
2021-10-26,167.666666666667,168.166666666667,169.309523809524,0,253,12.4,15.05,harvest,1
2021-10-27,167.666666666667,171.5,168.595238095238,0,253,0.3,15.2,harvest,1
2021-10-28,167.666666666667,168.166666666667,169.380952380952,0,253,0.5,15.8,harvest,1
2021-10-29,167.666666666667,167.666666666667,169.309523809524,0,253,0.0,14.2,harvest,1
2021-11-01,167.666666666667,171.5,168.595238095238,0,253,0.1,14.85,post-harvest,3
2021-11-02,168.166666666667,171.5,169.380952380952,0,0,2.5,15.7,post-harvest,1
2021-11-04,167.666666666667,167.666666666667,169.309523809524,0,253,3.2,14.15,post-harvest,2
2021-11-05,167.666666666667,171.5,168.595238095238,0,253,9.4,12.85,post-harvest,1
2021-11-08,168.166666666667,167.666666666667,169.380952380952,0,0,0.0,17.0,post-harvest,3
2021-11-09,167.666666666667,168.166666666667,169.309523809524,0,253,19.2,16.35,post-harvest,1
2021-11-10,167.666666666667,171.5,168.595238095238,0,253,13.9,13.05,post-harvest,1
2021-11-11,168.166666666667,167.666666666667,169.380952380952,0,0,13.0,12.45,post-harvest,1
2021-11-12,167.666666666667,168.166666666667,169.309523809524,0,253,19.1,10.8,post-harvest,1
2021-11-15,167.666666666667,171.5,168.595238095238,0,253,6.9,12.35,post-harvest,3
2021-11-16,168.166666666667,171.5,169.380952380952,0,0,2.5,11.8,post-harvest,1
2021-11-17,167.666666666667,167.666666666667,169.309523809524,0,253,0.0,10.55,post-harvest,1
2021-11-18,169.333333333333,168.166666666667,169.380952380952,0,3,0.0,11.55,post-harvest,1
2021-11-19,167.666666666667,169.333333333333,169.309523809524,0,253,1.2,13.6,post-harvest,1
2021-11-22,167.666666666667,171.5,169.309523809524,0,253,14.1,14.25,post-harvest,3
2021-11-24,169.333333333333,168.166666666667,169.380952380952,0,3,12.7,7.95,post-harvest,2
2021-11-25,167.666666666667,168.166666666667,169.309523809524,0,234,24.8,9.65,post-harvest,1
2021-11-26,167.666666666667,167.666666666667,169.071428571429,0,225,18.4,7.75,post-harvest,1
2021-11-29,167.666666666667,171.5,168.595238095238,0,215,0.0,7.25,post-harvest,3
2021-11-30,167.666666666667,168.166666666667,169.380952380952,0,201,0.0,9.5,post-harvest,1
2021-12-01,167.666666666667,167.666666666667,169.309523809524,0,189,22.3,9.95,post-harvest,1
2021-12-02,167.666666666667,171.5,168.595238095238,0,173,1.6,6.4,post-harvest,1
2021-12-03,168.166666666667,167.666666666667,169.380952380952,0,0,4.0,8.0,post-harvest,1
2021-12-06,167.666666666667,168.166666666667,169.309523809524,0,141,8.9,5.85,post-harvest,3
2021-12-07,167.666666666667,171.5,168.595238095238,0,120,17.8,9.5,post-harvest,1
2021-12-08,171.5,168.166666666667,169.690476190476,0,0,13.6,11.1,post-harvest,1
2021-12-09,167.666666666667,169.333333333333,169.309523809524,0,85,0.2,8.55,post-harvest,1
2021-12-10,168.166666666667,167.666666666667,168.833333333333,0,0,0.0,8.9,post-harvest,1
2021-12-13,168.166666666667,166.0,168.904761904762,0,0,1.6,5.6,post-harvest,3
2021-12-14,166.0,168.166666666667,168.666666666667,0,39,0.0,7.15,post-harvest,1
2021-12-15,166.0,171.5,167.880952380952,0,18,14.5,8.4,post-harvest,1
2021-12-16,166.0,168.166666666667,169.142857142857,0,1,10.2,10.55,post-harvest,1
2021-12-17,166.0,166.0,168.833333333333,0,1,30.0,5.8,post-harvest,1
2021-12-20,166.0,171.5,167.880952380952,0,0,12.7,4.45,post-harvest,3
2021-12-21,169.333333333333,163.333333333333,167.761904761905,0,3,18.1,9.95,post-harvest,1
2021-12-22,163.333333333333,169.333333333333,167.380952380952,0,0,0.1,6.35,post-harvest,1
2021-12-23,158.333333333333,171.5,166.666666666667,0,0,2.6,5.35,post-harvest,1
2021-12-24,158.333333333333,164.333333333333,165.380952380952,0,0,3.7,6.75,post-harvest,1
2021-12-27,158.333333333333,171.5,163.809523809524,0,0,8.7,0.6,post-harvest,3
2021-12-28,171.5,159.333333333333,164.261904761905,0,0,5.0,1.7,post-harvest,1
2021-12-29,171.5,159.333333333333,164.404761904762,0,0,7.4,4.5,post-harvest,1
2021-12-30,158.333333333333,159.333333333333,162.380952380952,0,0,28.6,4.1,post-harvest,1
2022-01-04,159.333333333333,158.333333333333,162.52380952381,0,3,10.6,1.4,post-harvest,5
2022-01-05,158.333333333333,171.5,162.380952380952,0,0,8.5,0.4,post-harvest,1
2022-01-06,158.333333333333,171.5,162.380952380952,0,0,0.1,-1.0,post-harvest,1
2022-01-07,158.333333333333,159.333333333333,164.261904761905,0,0,9.5,1.2,post-harvest,1
2022-01-11,158.333333333333,158.333333333333,162.380952380952,0,0,10.8,3.45,post-harvest,4
2022-01-12,158.333333333333,171.5,162.380952380952,0,0,1.1,2.2,post-harvest,1
2022-01-13,158.333333333333,171.5,162.380952380952,0,0,4.7,1.9,post-harvest,1
2022-01-14,158.333333333333,159.333333333333,164.261904761905,0,0,8.7,1.45,post-harvest,1
2022-01-17,158.333333333333,158.333333333333,162.380952380952,0,0,11.4,3.2,post-harvest,3
2022-01-18,158.333333333333,171.5,162.380952380952,0,0,7.4,1.1,post-harvest,1
2022-01-19,158.333333333333,171.5,162.380952380952,0,0,14.6,0.5,post-harvest,1
2022-01-20,158.333333333333,159.333333333333,164.261904761905,0,0,9.6,0.8,post-harvest,1
2022-01-21,158.333333333333,158.333333333333,162.380952380952,0,0,7.2,1.0,post-harvest,1
2022-01-24,158.333333333333,171.5,162.380952380952,0,0,3.3,3.9,post-harvest,3
2022-01-25,158.333333333333,171.5,162.380952380952,0,0,0.0,3.3,post-harvest,1
2022-01-26,159.333333333333,158.333333333333,164.261904761905,0,3,7.5,4.85,post-harvest,1
2022-01-27,158.333333333333,159.333333333333,162.380952380952,0,0,2.1,3.7,post-harvest,1
2022-01-28,158.333333333333,171.5,162.380952380952,0,0,0.5,3.6,post-harvest,1
2022-01-31,171.5,159.333333333333,164.404761904762,0,0,9.9,1.35,post-harvest,3
2022-02-01,158.333333333333,158.333333333333,162.380952380952,0,0,4.7,2.05,post-harvest,1
2022-02-02,158.333333333333,171.5,162.380952380952,0,0,6.8,1.7,post-harvest,1
2022-02-03,159.333333333333,158.333333333333,164.261904761905,0,3,9.1,1.2,post-harvest,1
2022-02-04,158.333333333333,159.333333333333,164.261904761905,0,0,10.7,0.65,post-harvest,1
2022-02-07,158.333333333333,158.333333333333,162.380952380952,0,0,2.7,1.0,post-harvest,3
2022-02-08,158.333333333333,171.5,162.380952380952,0,0,2.2,2.6,post-harvest,1
2022-02-09,171.5,159.333333333333,164.404761904762,0,0,0.0,3.15,post-harvest,1
2022-02-10,158.333333333333,158.333333333333,162.380952380952,0,0,4.1,2.2,post-harvest,1
2022-02-14,158.333333333333,171.5,162.380952380952,0,0,0.1,2.1,post-harvest,4
2022-02-15,159.333333333333,158.333333333333,164.261904761905,0,3,4.0,3.15,post-harvest,1
2022-02-16,171.5,159.333333333333,164.404761904762,0,0,13.6,2.35,post-harvest,1
2022-02-17,171.5,159.333333333333,162.52380952381,0,0,8.4,0.8,post-harvest,1
2022-02-18,158.333333333333,158.333333333333,162.380952380952,0,0,8.2,2.1,post-harvest,1
2022-02-21,159.333333333333,171.5,162.52380952381,0,3,2.2,0.55,post-harvest,3
2022-02-22,159.333333333333,171.5,162.52380952381,0,3,4.1,0.45,post-harvest,1
2022-02-24,159.333333333333,171.5,164.547619047619,0,3,2.6,2.05,post-harvest,2
2022-02-25,159.333333333333,171.5,166.285714285714,0,3,5.0,5.05,post-harvest,1
2022-02-28,159.333333333333,159.333333333333,164.547619047619,0,3,3.0,5.45,post-harvest,3
2022-03-01,159.333333333333,171.5,164.547619047619,0,3,1.3,6.65,planting,1
2022-03-02,159.333333333333,171.5,164.547619047619,0,3,0.1,3.85,planting,1
2022-03-03,159.333333333333,171.5,164.547619047619,0,3,2.3,3.85,planting,1
2022-03-04,159.333333333333,171.5,166.285714285714,0,3,0.0,3.6,planting,1
2022-03-07,159.333333333333,171.5,166.285714285714,0,2,3.3,4.35,planting,3
2022-03-08,159.333333333333,159.333333333333,164.547619047619,0,2,1.0,3.7,planting,1
2022-03-09,159.333333333333,171.5,164.547619047619,0,2,0.0,3.6,planting,1
2022-03-10,159.333333333333,171.5,164.547619047619,0,2,0.2,4.85,planting,1
2022-03-11,159.333333333333,171.5,164.547619047619,0,2,0.0,8.2,planting,1
2022-03-14,159.333333333333,171.5,164.547619047619,0,2,7.0,8.75,planting,3
2022-03-15,159.333333333333,171.5,166.285714285714,0,2,6.5,9.4,planting,1
2022-03-16,159.333333333333,159.333333333333,164.547619047619,0,2,0.0,6.15,planting,1
2022-03-17,159.333333333333,171.5,164.547619047619,0,2,0.4,6.85,planting,1
2022-03-18,159.333333333333,171.5,164.547619047619,0,2,21.0,4.35,planting,1
2022-03-22,159.333333333333,171.5,164.547619047619,0,2,0.3,2.45,planting,4
2022-03-23,159.333333333333,171.5,166.285714285714,0,2,0.0,2.4,planting,1
2022-03-24,159.333333333333,159.333333333333,164.547619047619,0,2,4.0,7.4,planting,1
2022-03-25,159.333333333333,171.5,164.547619047619,0,2,0.0,7.55,planting,1
2022-03-28,159.333333333333,171.5,164.547619047619,0,2,1.0,7.15,planting,3
2022-03-29,159.333333333333,171.5,164.547619047619,0,2,0.0,6.5,planting,1
2022-03-30,159.333333333333,171.5,166.285714285714,0,2,0.0,10.5,planting,1
2022-03-31,159.333333333333,159.333333333333,164.547619047619,0,2,9.5,8.2,planting,1
2022-04-01,159.333333333333,171.5,164.547619047619,0,2,0.0,6.45,planting,1
2022-04-04,159.333333333333,171.5,164.547619047619,0,2,7.6,8.75,planting,3
2022-04-05,159.333333333333,171.5,164.547619047619,0,2,0.0,9.2,planting,1
2022-04-06,159.333333333333,171.5,164.547619047619,0,2,0.0,10.65,planting,1
2022-04-07,159.333333333333,171.5,166.285714285714,0,2,3.9,8.8,planting,1
2022-04-08,159.333333333333,159.333333333333,164.547619047619,0,2,0.3,7.4,planting,1
2022-04-11,159.333333333333,171.5,164.547619047619,0,2,0.0,15.75,planting,3
2022-04-12,159.333333333333,171.5,164.547619047619,0,2,0.0,15.45,planting,1
2022-04-13,159.333333333333,171.5,164.547619047619,0,2,0.1,13.85,planting,1
2022-04-14,159.333333333333,171.5,166.285714285714,0,2,9.2,12.15,planting,1
2022-04-15,159.333333333333,171.5,166.285714285714,0,2,10.9,10.45,planting,1
2022-04-18,159.333333333333,159.333333333333,164.547619047619,0,2,0.0,10.5,planting,3
2022-04-19,159.333333333333,171.5,164.547619047619,0,2,0.0,9.05,planting,1
2022-04-20,159.333333333333,171.5,164.547619047619,0,0,0.0,10.4,planting,1
2022-04-21,171.5,171.5,166.285714285714,0,0,1.4,16.3,planting,1
2022-04-22,171.5,171.5,168.02380952381,0,0,2.6,14.65,planting,1
2022-04-25,171.5,171.5,168.02380952381,0,0,0.0,15.75,planting,3
2022-04-26,171.5,171.5,169.761904761905,0,0,29.1,18.4,planting,1
2022-04-27,171.5,171.5,169.761904761905,0,0,8.5,13.7,planting,1
2022-04-28,171.5,171.5,171.5,0,0,0.0,9.9,planting,1
2022-05-02,171.5,171.5,171.5,0,0,1.3,10.65,planting,4
2022-05-06,171.5,171.5,171.5,0,0,0.0,16.5,planting,4
2022-05-09,171.5,171.5,171.5,0,0,0.0,13.05,planting,3
2022-05-10,171.5,171.5,171.5,0,0,0.0,11.7,planting,1
2022-05-11,171.5,171.5,171.5,0,0,0.0,17.15,planting,1
2022-05-12,171.5,171.5,171.5,0,0,0.8,19.55,planting,1
2022-05-13,171.5,171.5,171.5,0,0,11.5,19.15,planting,1
2022-05-16,171.5,171.5,171.5,0,0,0.0,13.85,planting,3
2022-05-17,171.5,171.5,171.5,0,0,0.0,15.0,planting,1
2022-05-18,171.5,171.5,171.5,0,0,0.0,16.05,planting,1
2022-05-19,171.5,171.5,171.5,0,0,0.0,18.6,planting,1
2022-05-20,171.5,171.5,171.5,0,0,0.0,19.05,planting,1
2022-05-23,171.5,171.5,171.5,0,0,12.6,15.75,planting,3
2022-05-24,171.5,171.5,171.5,0,0,0.0,15.85,planting,1
2022-05-25,171.5,171.5,171.5,0,0,0.0,18.2,planting,1
2022-05-26,171.5,171.5,171.5,0,0,0.0,22.25,planting,1
2022-05-27,171.5,171.5,171.5,0,0,32.5,19.6,planting,1
2022-05-30,171.5,171.5,171.5,0,0,0.1,18.85,planting,3
2022-05-31,171.5,171.5,171.5,0,0,11.9,19.05,planting,1
2022-06-01,171.5,171.5,171.5,0,0,0.1,17.95,planting,1
2022-06-02,171.5,171.5,171.5,0,0,13.1,19.75,planting,1
2022-06-03,171.5,171.5,171.5,0,0,8.4,18.05,planting,1
2022-06-06,171.5,171.5,171.5,0,0,20.9,15.85,planting,3
2022-06-07,171.5,171.5,171.5,0,0,47.7,16.45,planting,1
2022-06-08,171.5,171.5,171.5,0,0,2.6,16.6,planting,1
2022-06-09,171.5,171.5,171.5,0,0,0.0,16.4,planting,1
2022-06-10,171.5,171.5,171.5,0,0,2.2,19.1,planting,1
2022-06-13,171.5,171.5,171.5,0,0,0.3,16.3,planting,3
2022-06-14,171.5,171.5,171.5,0,0,0.0,19.2,planting,1
2022-06-15,171.5,171.5,171.5,0,0,5.9,19.3,planting,1
2022-06-16,171.5,171.5,171.5,0,0,1.1,21.1,growing,1
2022-06-17,171.5,171.5,171.5,0,0,6.7,21.0,growing,1
2022-06-20,171.5,171.5,171.5,0,0,0.7,22.8,growing,3
2024-08-13,286.666666666667,171.5,187.952380952381,1,1,0.4,28.2,growing,785
2024-08-14,289.833333333333,286.666666666667,237.761904761905,1,0,1.6,27.35,growing,1
2024-08-15,292.833333333333,289.166666666667,288.761904761905,1,1,0.3,27.1,growing,1
2024-08-19,294.833333333333,295.0,292.214285714286,1,0,0.0,26.0,growing,4
2024-08-20,301.0,295.166666666667,294.714285714286,2,2,0.4,27.35,growing,1
2024-08-21,308.5,300.666666666667,299.428571428571,10,12,0.1,27.1,growing,1
2024-08-22,317.666666666667,308.0,306.428571428571,15,27,0.0,28.35,growing,1
2024-08-23,325.833333333333,324.833333333333,318.238095238095,10,36,0.0,30.7,growing,1
2024-08-26,335.333333333333,335.666666666667,326.047619047619,6,23,4.1,27.8,growing,3
2024-08-27,344.5,345.333333333333,336.738095238095,6,9,0.8,29.6,growing,1
2024-08-28,354.833333333333,355.666666666667,348.190476190476,5,11,0.3,26.65,growing,1
2024-08-29,366.666666666667,365.5,355.5,5,42,3.7,27.05,growing,1
2024-08-30,377.666666666667,376.5,364.690476190476,3,45,1.5,28.9,growing,1
2024-09-02,388.666666666667,389.0,374.119047619048,11,27,13.8,24.15,growing,3
2024-09-03,399.5,400.333333333333,393.404761904762,6,23,0.1,23.2,growing,1
2024-09-04,388.666666666667,412.333333333333,399.97619047619,27,64,0.0,25.55,growing,1
2024-09-05,399.666666666667,388.666666666667,399.833333333333,1,64,0.0,26.15,growing,1
2024-09-06,391.666666666667,396.5,398.166666666667,2,64,0.3,26.7,growing,1
2024-09-10,383.833333333333,388.5,394.452380952381,1,63,0.0,28.8,growing,4
2024-09-11,378.333333333333,371.166666666667,387.095238095238,4,7,0.5,27.6,growing,1
2024-09-12,363.0,367.0,371.404761904762,2,60,2.4,26.85,growing,1
2024-09-13,349.166666666667,374.5,367.714285714286,4,16,1.3,26.8,growing,1
2024-09-17,345.333333333333,338.666666666667,347.928571428572,8,9,0.1,25.6,growing,4
2024-09-18,328.5,342.0,340.0,5,9,15.4,25.35,growing,1
2024-09-19,321.333333333333,325.0,330.5,22,44,40.8,24.9,growing,1
2024-09-20,313.0,321.333333333333,325.880952380952,23,44,60.9,25.35,harvest,1
2024-09-24,312.166666666667,313.0,316.142857142857,16,23,0.0,20.8,harvest,4
2024-09-25,320.0,312.166666666667,315.952380952381,2,45,0.0,21.9,harvest,1
2024-09-26,326.333333333333,316.666666666667,317.142857142857,1,45,0.1,23.6,harvest,1
2024-09-27,332.833333333333,326.333333333333,319.452380952381,1,46,0.4,23.35,harvest,1
2024-09-30,341.166666666667,326.333333333333,325.071428571429,3,46,0.4,22.65,harvest,3
2024-10-01,341.0,341.0,337.095238095238,6,10,0.0,21.7,harvest,1
2024-10-02,350.333333333333,341.0,339.595238095238,3,48,1.4,23.35,harvest,1
2024-10-03,340.666666666667,341.333333333333,345.595238095238,3,8,2.6,21.35,harvest,1
2024-10-04,331.333333333333,355.0,344.190476190476,1,47,9.9,23.15,harvest,1
2024-10-07,340.666666666667,340.666666666667,341.595238095238,3,9,18.6,20.35,harvest,3
2024-10-09,355.0,347.5,344.52380952381,2,25,0.5,16.6,harvest,2
2024-10-10,350.0,355.0,345.738095238095,4,12,0.1,17.3,harvest,1
2024-10-11,361.666666666667,361.666666666667,353.071428571429,4,26,1.0,18.5,harvest,1
2024-10-16,349.833333333333,357.0,355.738095238095,1,46,13.0,20.1,harvest,5
2024-10-21,360.666666666667,349.833333333333,356.547619047619,1,13,0.0,14.65,harvest,5
2024-10-22,367.833333333333,365.833333333333,360.642857142857,2,11,0.3,16.55,harvest,1
2024-10-23,352.666666666667,365.833333333333,359.952380952381,2,7,11.2,22.95,harvest,1
2024-10-24,371.666666666667,352.666666666667,362.047619047619,2,43,0.0,19.4,harvest,1
2024-10-28,366.666666666667,375.0,366.5,1,25,23.1,16.55,harvest,4
2024-10-29,375.0,374.166666666667,369.309523809524,6,43,0.4,15.4,harvest,1
2024-10-31,366.666666666667,375.0,371.309523809524,1,12,0.0,15.0,harvest,2
2024-11-01,380.0,366.666666666667,372.5,15,44,1.2,15.3,post-harvest,1
2024-11-05,366.666666666667,377.333333333333,372.833333333333,1,1,5.3,14.0,post-harvest,4
2024-11-06,369.833333333333,375.0,372.928571428571,3,25,14.2,12.05,post-harvest,1
2024-11-07,362.833333333333,369.833333333333,371.190476190476,2,25,0.7,10.1,post-harvest,1
2024-11-08,370.166666666667,360.833333333333,366.714285714286,2,25,0.0,10.5,post-harvest,1
2024-11-11,369.833333333333,368.833333333333,366.285714285714,3,12,1.6,15.7,post-harvest,3
2024-11-12,373.5,369.833333333333,366.809523809524,1,25,2.5,14.05,post-harvest,1
2024-11-13,374.0,375.0,372.452380952381,2,3,0.1,12.75,post-harvest,1
2024-11-18,375.833333333333,374.0,373.261904761905,1,44,3.8,9.3,post-harvest,5
2024-11-19,383.333333333333,373.5,375.857142857143,1,44,0.2,6.85,post-harvest,1
2024-11-20,391.0,381.5,381.57142857142900,7,44,0.0,7.8,post-harvest,1
2024-11-21,393.333333333333,385.833333333333,385.833333333333,8,25,7.0,10.7,post-harvest,1
2024-11-22,386.666666666667,391.666666666667,387.738095238095,4,8,22.3,10.2,post-harvest,1
2024-11-25,386.666666666667,389.333333333333,389.214285714286,3,11,0.0,9.35,post-harvest,3
2024-11-26,398.333333333333,386.666666666667,390.261904761905,1,44,3.4,10.8,post-harvest,1
2024-11-27,391.666666666667,398.333333333333,391.095238095238,1,10,18.1,12.15,post-harvest,1
2024-11-28,397.5,391.666666666667,391.690476190476,1,25,18.0,8.3,post-harvest,1
2024-11-29,404.166666666667,400.0,395.238095238095,2,25,18.2,6.5,post-harvest,1
2024-12-02,408.333333333333,402.0,400.880952380952,3,44,0.2,11.1,post-harvest,3
2024-12-03,408.333333333333,408.333333333333,402.428571428571,4,44,10.1,10.4,post-harvest,1
2024-12-04,409.666666666667,408.333333333333,405.476190476191,5,44,7.1,9.95,post-harvest,1
2024-12-05,388.333333333333,381.5,401.833333333333,14,20,26.3,8.3,post-harvest,1
2024-12-06,413.666666666667,414.166666666667,404.666666666667,10,44,12.0,7.7,post-harvest,1
2024-12-09,419.166666666667,408.333333333333,413.690476190476,39,44,0.1,6.6,post-harvest,3
2024-12-10,425.0,421.666666666667,418.690476190476,17,43,14.9,6.75,post-harvest,1
2024-12-11,430.0,424.166666666667,422.5,26,46,6.2,5.7,post-harvest,1
2024-12-12,437.166666666667,437.5,426.619047619048,16,43,9.3,5.05,post-harvest,1
2024-12-13,428.5,435.833333333333,426.142857142857,14,46,16.6,3.4,post-harvest,1
2024-12-16,428.833333333333,427.166666666667,423.619047619048,33,45,8.3,3.65,post-harvest,3
2024-12-17,436.666666666667,430.5,431.0,41,47,13.5,3.75,post-harvest,1
2024-12-18,444.166666666667,436.166666666667,431.666666666667,18,45,11.5,2.8,post-harvest,1
2024-12-19,444.833333333333,447.166666666667,436.238095238095,20,27,2.4,1.9,post-harvest,1
2024-12-20,451.666666666667,438.333333333333,443.452380952381,34,46,0.0,5.55,post-harvest,1
2024-12-23,451.666666666667,446.666666666667,438.452380952381,8,26,6.3,3.4,post-harvest,3
2024-12-24,445.0,446.666666666667,438.333333333333,81,79,5.6,3.9,post-harvest,1
2024-12-25,439.166666666667,438.166666666667,435.833333333333,40,79,0.0,6.0,post-harvest,1
2024-12-26,434.166666666667,434.833333333333,433.02380952381,39,79,10.2,6.8,post-harvest,1
2024-12-27,435.333333333333,433.166666666667,435.52380952381,17,79,2.5,3.85,post-harvest,1
2024-12-30,426.166666666667,430.0,423.833333333333,13,26,4.5,5.05,post-harvest,3
2025-01-06,423.333333333333,400.0,422.285714285714,20,77,6.0,5.35,post-harvest,7
2025-01-07,415.0,420.833333333333,420.547619047619,83,53,22.0,5.9,post-harvest,1
2025-01-08,419.833333333333,420.166666666667,412.404761904762,39,53,16.6,2.05,post-harvest,1
2025-01-09,423.333333333333,419.833333333333,412.833333333333,41,53,16.0,1.2,post-harvest,1
2025-01-10,422.833333333333,419.333333333333,418.833333333333,64,53,9.5,1.45,post-harvest,1
2025-01-14,421.666666666667,422.666666666667,419.214285714286,39,53,13.6,4.3,post-harvest,4
2025-01-15,422.333333333333,423.333333333333,421.642857142857,59,25,16.4,3.2,post-harvest,1
2025-01-16,440.333333333333,422.5,422.738095238095,43,53,3.1,2.4,post-harvest,1
2025-01-17,442.5,440.333333333333,425.785714285714,83,53,3.0,2.65,post-harvest,1
2025-01-20,439.666666666667,442.5,429.547619047619,61,52,4.6,5.35,post-harvest,3
2025-01-21,439.166666666667,421.666666666667,431.761904761905,62,54,5.0,5.65,post-harvest,1
2025-01-22,438.5,435.833333333333,432.285714285714,44,54,16.9,4.65,post-harvest,1
2025-01-23,437.333333333333,420.0,432.52380952381,38,54,18.6,4.2,post-harvest,1
2025-01-24,420.0,425.0,417.02380952381,43,52,0.3,5.65,post-harvest,1
2025-01-27,422.166666666667,420.0,419.357142857143,41,52,0.0,4.3,post-harvest,3
2025-01-28,425.166666666667,421.333333333333,419.07142857142900,41,52,12.1,4.4,post-harvest,1
2025-01-29,425.5,426.0,419.976190476191,41,52,11.7,4.2,post-harvest,1
2025-01-30,430.833333333333,430.166666666667,424.642857142857,60,52,14.1,2.5,post-harvest,1
2025-01-31,430.333333333333,430.833333333333,426.5,81,53,2.7,3.2,post-harvest,1
2025-02-03,430.5,431.166666666667,428.214285714286,44,28,7.8,3.25,post-harvest,3
2025-02-04,431.166666666667,432.0,429.142857142857,48,32,8.5,2.7,post-harvest,1
2025-02-05,433.5,432.166666666667,430.714285714286,80,53,10.0,-0.0499999999999999,post-harvest,1
2025-02-06,432.5,432.333333333333,431.5,68,31,3.8,0.7,post-harvest,1
2025-02-07,435.0,423.333333333333,431.095238095238,101,53,15.2,-0.7,post-harvest,1
2025-02-10,434.0,435.333333333333,433.238095238095,160,29,3.8,2.0,post-harvest,3
2025-02-12,433.333333333333,429.666666666667,431.285714285714,161,29,1.6,2.15,post-harvest,2
2025-02-13,436.0,433.333333333333,433.5,157,34,7.4,5.05,post-harvest,1
2025-02-14,437.5,434.166666666667,434.785714285714,194,31,4.5,5.0,post-harvest,1
2025-02-17,439.166666666667,435.833333333333,435.404761904762,194,36,12.8,3.6,post-harvest,3
2025-02-18,437.666666666667,434.5,438.261904761905,198,34,7.5,0.65,post-harvest,1
2025-02-19,436.833333333333,436.666666666667,437.476190476191,198,32,4.4,0.35,post-harvest,1
2025-02-20,450.0,441.666666666667,440.238095238095,103,18,5.8,0.95,post-harvest,1
2025-02-21,448.333333333333,440.0,446.261904761905,103,55,9.6,-0.15,post-harvest,1
2025-02-25,460.0,466.333333333333,455.97619047619,106,22,0.2,5.25,post-harvest,4
2025-02-26,468.333333333333,458.333333333333,459.952380952381,202,32,7.3,5.65,post-harvest,1
2025-02-27,470.666666666667,463.333333333333,468.166666666667,200,32,0.3,6.5,post-harvest,1
2025-02-28,469.666666666667,468.666666666667,468.190476190476,80,32,0.3,7.95,post-harvest,1
2025-03-03,469.0,467.0,469.357142857143,180,32,5.3,3.75,planting,3
2025-03-04,462.5,469.0,469.047619047619,97,31,2.3,3.8,planting,1
2025-03-05,460.0,453.0,460.809523809524,202,32,7.0,5.55,planting,1
2025-03-06,460.5,461.166666666667,457.595238095238,197,33,1.5,5.35,planting,1
2025-03-07,460.5,457.0,457.238095238095,200,36,3.2,2.95,planting,1
2025-03-10,458.666666666667,457.0,455.095238095238,99,35,0.0,5.9,planting,3
2025-03-11,458.333333333333,456.666666666667,456.809523809524,200,34,0.0,8.5,planting,1
2025-03-12,450.0,458.333333333333,456.761904761905,207,41,0.0,10.9,planting,1
2025-03-13,441.666666666667,445.833333333333,450.619047619048,202,36,1.5,9.25,planting,1
2025-03-14,440.5,440.0,444.190476190476,200,28,0.0,7.85,planting,1
2025-03-17,434.166666666667,430.0,437.52380952381,200,76,8.4,5.8,planting,3
2025-03-18,429.166666666667,433.333333333333,434.380952380952,201,79,1.4,4.6,planting,1
2025-03-19,432.833333333333,445.0,435.285714285714,200,35,4.8,5.1,planting,1
2025-03-21,433.166666666667,433.0,434.666666666667,300,35,1.0,8.2,planting,2
2025-03-24,433.333333333333,433.166666666667,434.738095238095,203,36,1.9,11.5,planting,3
2025-03-25,434.0,433.666666666667,434.928571428571,300,36,0.3,12.95,planting,1
2025-03-26,436.0,437.333333333333,435.119047619048,200,36,0.5,10.7,planting,1
2025-03-27,434.333333333333,437.166666666667,435.238095238095,298,83,2.6,14.75,planting,1
2025-03-28,438.5,434.333333333333,435.809523809524,201,35,21.3,10.35,planting,1
2025-03-31,438.333333333333,440.0,437.904761904762,203,83,0.9,4.05,planting,3
2025-04-01,440.833333333333,439.5,439.095238095238,282,34,3.5,5.35,planting,1
2025-04-02,441.833333333333,442.166666666667,441.166666666667,299,35,3.5,7.9,planting,1
2025-04-03,438.666666666667,442.0,440.738095238095,299,83,4.1,9.7,planting,1
2025-04-04,446.333333333333,441.833333333333,441.428571428571,200,3,13.6,7.85,planting,1
2025-04-07,442.5,440.166666666667,442.02380952381,201,36,4.0,9.4,planting,3
2025-04-08,443.333333333333,439.666666666667,442.309523809524,296,36,2.4,12.1,planting,1
2025-04-09,446.666666666667,431.166666666667,442.642857142857,200,35,2.5,9.7,planting,1
2025-04-10,447.0,444.166666666667,443.642857142857,292,35,0.5,12.3,planting,1
2025-04-11,447.5,446.833333333333,444.428571428571,299,36,3.3,12.7,planting,1
2025-04-14,446.833333333333,436.666666666667,441.357142857143,282,35,7.6,9.75,planting,3
2025-04-15,439.666666666667,437.5,441.309523809524,196,30,5.4,8.95,planting,1
2025-04-16,439.0,443.0,442.52380952381,293,98,17.8,9.25,planting,1
2025-04-17,446.333333333333,441.666666666667,444.07142857142900,192,35,0.0,13.45,planting,1
2025-04-18,447.0,435.0,445.214285714286,194,35,4.5,17.6,planting,1
2025-04-21,437.5,449.833333333333,443.0,307,31,0.0,11.2,planting,3
2025-04-22,433.666666666667,437.833333333333,441.833333333333,284,98,0.0,13.4,planting,1
2025-04-23,435.833333333333,447.5,441.761904761905,199,99,11.2,16.0,planting,1
2025-04-24,454.0,435.666666666667,444.952380952381,293,12,0.7,13.0,planting,1
2025-04-25,457.333333333333,451.833333333333,441.52380952381,297,10,0.0,12.65,planting,1
2025-04-28,434.333333333333,438.0,447.785714285714,294,101,1.8,16.75,planting,3
2025-04-30,431.666666666667,448.333333333333,443.119047619048,286,102,0.2,11.05,planting,2
2025-05-01,433.333333333333,433.333333333333,445.809523809524,282,102,0.0,14.8,planting,1
2025-05-02,433.166666666667,452.0,445.190476190476,186,102,13.8,17.1,planting,1
2025-05-07,435.0,455.833333333333,451.142857142857,203,34,23.2,12.6,planting,5
2025-05-08,456.166666666667,438.333333333333,443.452380952381,186,30,0.0,12.2,planting,1
2025-05-09,438.166666666667,455.666666666667,452.833333333333,103,38,1.4,16.8,planting,1
2025-05-12,455.333333333333,455.166666666667,445.357142857143,194,17,4.7,14.7,planting,3
2025-05-13,436.666666666667,436.833333333333,451.119047619048,194,68,0.0,16.65,planting,1
2025-05-14,469.0,456.833333333333,448.309523809524,203,61,0.0,17.1,planting,1
2025-05-15,478.333333333333,458.666666666667,460.476190476191,296,60,0.0,18.35,planting,1
2025-05-16,443.333333333333,467.0,459.333333333333,193,67,0.0,20.55,planting,1
2025-05-19,438.333333333333,443.333333333333,456.357142857143,210,60,0.3,15.9,planting,3
2025-05-20,437.333333333333,505.333333333333,473.595238095238,94,60,18.4,17.7,planting,1
2025-05-21,520.5,502.833333333333,474.166666666667,9,58,0.0,22.15,planting,1
2025-05-22,463.5,520.5,468.190476190476,43,20,3.3,16.0,planting,1
2025-05-23,464.166666666667,463.5,506.190476190476,92,26,0.0,14.5,planting,1
2025-05-26,463.333333333333,464.166666666667,495.809523809524,104,27,0.3,14.3,planting,3
2025-05-27,452.5,458.333333333333,490.190476190476,200,26,0.0,15.7,planting,1
2025-05-28,441.666666666667,454.166666666667,470.904761904762,204,31,0.0,17.65,planting,1
2025-05-29,468.0,483.333333333333,466.261904761905,275,16,0.0,16.65,planting,1
2025-05-30,445.833333333333,443.333333333333,464.809523809524,198,32,0.1,17.95,planting,1
2025-06-02,459.166666666667,447.5,460.666666666667,195,27,0.2,16.9,planting,3
2025-06-03,463.166666666667,451.5,453.166666666667,202,28,8.1,18.05,planting,1
2025-06-04,460.666666666667,459.166666666667,462.095238095238,187,16,2.1,18.9,planting,1
2025-06-05,449.166666666667,449.166666666667,454.119047619048,197,30,0.0,18.4,planting,1
2025-06-06,455.833333333333,461.166666666667,457.904761904762,295,35,0.0,20.55,planting,1
2025-06-09,456.5,451.666666666667,456.452380952381,207,43,0.0,20.35,planting,3
2025-06-10,450.0,441.833333333333,453.666666666667,201,20,3.3,23.3,planting,1
2025-06-11,447.0,451.666666666667,451.142857142857,199,32,2.7,20.8,planting,1
2025-06-12,433.333333333333,452.666666666667,440.833333333333,195,24,0.0,19.55,planting,1
2025-06-13,439.666666666667,423.333333333333,442.476190476191,193,16,0.0,18.7,planting,1
2025-06-16,456.666666666667,448.333333333333,443.261904761905,94,46,2.4,24.6,growing,3
2025-06-17,457.833333333333,438.666666666667,445.261904761905,196,46,2.0,24.25,growing,1
2025-06-18,451.666666666667,472.666666666667,448.714285714286,199,29,0.0,24.4,growing,1
2025-06-19,454.166666666667,440.5,455.690476190476,290,16,0.0,24.75,growing,1
2025-06-20,451.666666666667,473.333333333333,455.357142857143,198,29,0.0,24.45,growing,1
2025-06-23,453.333333333333,474.5,457.619047619048,199,27,15.7,22.15,growing,3
2025-06-24,453.166666666667,474.5,459.52380952381,187,23,0.0,25.15,growing,1
2025-06-25,453.333333333333,474.5,461.880952380952,198,29,1.7,26.2,growing,1
2025-06-26,458.166666666667,465.0,459.309523809524,186,11,15.1,24.25,growing,1
2025-06-27,463.333333333333,455.5,459.714285714286,197,18,6.2,23.25,growing,1
2025-06-30,469.5,469.0,463.52380952381,98,19,0.0,25.8,growing,3
2025-07-01,455.0,455.0,462.690476190476,194,27,0.1,26.3,growing,1
2025-07-02,474.166666666667,468.333333333333,470.619047619048,199,19,0.0,27.9,growing,1
2025-07-03,474.166666666667,475.0,466.857142857143,190,20,0.0,28.7,growing,1
2025-07-04,475.833333333333,475.333333333333,476.404761904762,187,22,0.0,29.7,growing,1
2025-07-07,482.5,480.0,469.166666666667,185,3,0.0,28.35,growing,3
2025-07-08,477.5,484.5,481.095238095238,197,19,13.3,27.1,growing,1
2025-07-09,475.833333333333,482.666666666667,473.333333333333,196,4,0.0,26.25,growing,1
2025-07-10,479.0,475.833333333333,473.976190476191,196,4,0.0,25.6,growing,1
2025-07-11,479.333333333333,479.166666666667,468.57142857142900,98,14,0.0,26.0,growing,1
2025-07-14,475.833333333333,477.333333333333,477.880952380952,195,19,0.1,30.35,growing,3
2025-07-15,476.833333333333,475.166666666667,469.02380952381,199,19,38.6,28.1,growing,1
2025-07-16,465.833333333333,473.333333333333,470.642857142857,199,4,2.2,29.7,growing,1
2025-07-17,470.833333333333,475.833333333333,466.809523809524,193,14,13.5,28.8,growing,1
2025-07-18,469.333333333333,447.333333333333,463.0,181,18,0.0,27.9,growing,1
2025-07-22,467.666666666667,461.166666666667,463.07142857142900,199,14,0.0,30.55,growing,4
2025-07-23,459.333333333333,471.166666666667,465.119047619048,193,6,0.0,30.25,growing,1
2025-07-24,470.333333333333,471.166666666667,464.261904761905,199,18,0.0,30.0,growing,1
2025-07-25,472.5,466.166666666667,470.095238095238,187,18,0.0,29.55,growing,1
2025-07-28,473.0,474.5,470.952380952381,164,14,0.0,30.05,growing,3
2025-07-29,454.166666666667,473.833333333333,469.47619047619,89,27,0.0,29.45,growing,1
2025-07-30,477.0,478.0,469.833333333333,87,18,0.0,29.95,growing,1
2025-07-31,476.5,482.5,475.57142857142900,84,6,0.0,30.85,growing,1
2025-08-01,456.166666666667,482.5,473.666666666667,52,24,0.0,30.25,growing,1
2025-08-04,485.833333333333,485.833333333333,481.142857142857,66,18,0.0,31.3,growing,3
2025-08-05,487.5,485.333333333333,482.07142857142900,38,18,42.0,27.95,growing,1
2025-08-06,464.0,486.666666666667,480.142857142857,67,23,71.4,26.4,growing,1
2025-08-07,493.666666666667,487.0,489.785714285714,32,18,51.8,25.85,growing,1
2025-08-08,502.5,503.666666666667,491.142857142857,49,20,9.3,24.4,growing,1
2025-08-12,502.5,500.833333333333,498.952380952381,66,17,83.6,24.0,growing,4
2025-08-13,503.333333333333,502.833333333333,494.97619047619,43,17,0.0,25.35,growing,1
2025-08-14,512.5,502.5,499.880952380952,104,6,0.5,25.9,growing,1
2025-08-15,501.666666666667,501.166666666667,490.904761904762,44,21,5.1,25.85,growing,1
2025-08-18,495.833333333333,496.666666666667,499.52380952381,44,20,5.2,26.85,growing,3
2025-08-19,498.833333333333,505.833333333333,489.857142857143,85,18,1.4,27.4,growing,1
2025-08-20,504.166666666667,510.833333333333,503.57142857142900,87,38,5.4,27.35,growing,1
2025-08-21,505.0,504.166666666667,495.02380952381,75,20,1.2,26.9,growing,1
2025-08-22,515.5,510.833333333333,509.833333333333,200,24,0.0,27.6,growing,1
2025-08-25,510.833333333333,521.0,503.095238095238,224,127,0.1,29.5,growing,3
2025-08-26,520.166666666667,512.0,518.595238095238,174,16,3.3,30.3,growing,1
2025-08-27,512.5,518.0,516.047619047619,199,133,37.1,25.6,growing,1
2025-08-28,511.666666666667,512.5,515.214285714286,203,136,0.0,25.6,growing,1
2025-08-29,513.833333333333,510.0,505.190476190476,81,53,0.0,26.6,growing,1
2025-09-01,516.666666666667,513.666666666667,514.666666666667,92,134,0.0,29.0,growing,3
2025-09-02,523.333333333333,517.5,516.309523809524,85,41,11.6,28.9,growing,1
2025-09-03,525.0,525.0,522.619047619048,84,61,9.6,25.35,growing,1
2025-09-04,525.0,526.5,525.047619047619,87,126,1.8,26.8,growing,1
2025-09-05,524.166666666667,524.166666666667,525.071428571429,82,41,9.3,25.85,growing,1
2025-09-08,526.666666666667,525.0,524.833333333333,100,62,56.3,26.05,growing,3
2025-09-09,518.333333333333,527.5,525.261904761905,92,16,1.9,25.95,growing,1
2025-09-10,529.333333333333,527.166666666667,528.0,111,116,5.9,24.3,growing,1
2025-09-11,540.0,536.666666666667,535.547619047619,111,101,21.8,24.9,growing,1
2025-09-12,550.166666666667,553.5,547.714285714286,115,33,0.5,26.15,growing,1
2025-09-16,558.333333333333,560.0,552.571428571429,100,101,0.5,26.0,growing,4
2025-09-17,555.833333333333,560.0,558.690476190476,83,23,44.3,26.05,growing,1
2025-09-18,556.666666666667,557.333333333333,556.952380952381,91,40,25.5,23.25,growing,1
2025-09-22,543.333333333333,556.666666666667,547.6666666666670,58,70,0.9,20.9,harvest,4